species,importance_gini
Peptostreptococcus_stomatis,0.027681877538792105
Parvimonas_unclassified,0.020311521502476185
Gemella_morbillorum,0.018888140524507744
Fusobacterium_nucleatum,0.01719093935877634
Parvimonas_micra,0.014330930408157585
Clostridium_symbiosum,0.0142486759126193
Solobacterium_moorei,0.013715510882189065
Porphyromonas_asaccharolytica,0.012912671737066504
Streptococcus_salivarius,0.010695354489020668
Bifidobacterium_catenulatum,0.010125618080216822
Clostridium_hathewayi,0.010026923220013173
Eubacterium_eligens,0.00923078991644107
Escherichia_coli,0.008122475457585392
Streptococcus_australis,0.007872365666404285
Bacteroides_fragilis,0.007797769726052758
Roseburia_intestinalis,0.007728340344495635
Faecalibacterium_prausnitzii,0.00770394085584296
Porphyromonas_somerae,0.007641402331888526
Ruminococcus_torques,0.007641170683461777
Eubacterium_ventriosum,0.0074082569309237775
Anaerotruncus_colihominis,0.007094858521347926
Lachnospiraceae_bacterium_5_1_63FAA,0.006922628381906042
Eubacterium_rectale,0.006795802751532247
Ruminococcus_obeum,0.006748375284232637
Anaerostipes_hadrus,0.006694635476170963
Dasheen_mosaic_virus,0.006596690980035323
Alistipes_onderdonkii,0.006587522120217837
Peptostreptococcus_unclassified,0.006537984953311922
Coprococcus_comes,0.006504415582450235
Bacteroides_ovatus,0.006426373374095254
Eubacterium_hallii,0.006410417400420612
Bilophila_unclassified,0.006319986685955382
Flavonifractor_plautii,0.0062975600967662354
Streptococcus_parasanguinis,0.006243635331483204
Gordonibacter_pamelaeae,0.006172441695473109
Streptococcus_infantis,0.006100332619393724
Peptostreptococcus_anaerobius,0.006054722015601388
Alistipes_indistinctus,0.0059425626301359506
Lachnospiraceae_bacterium_3_1_57FAA_CT1,0.005865854724249549
Oscillibacter_unclassified,0.0058635851307789364
Bifidobacterium_adolescentis,0.00570429804444449
Ruminococcus_albus,0.005683481848653643
Porphyromonas_uenonis,0.005534033213630174
Ruminococcus_sp_5_1_39BFAA,0.005346394257915993
Escherichia_unclassified,0.005327964551794104
Bacteroides_caccae,0.005264653996635052
Alistipes_putredinis,0.0052578815263247545
Subdoligranulum_unclassified,0.005026557557244115
Eubacterium_ramulus,0.005002125688917127
Lachnospiraceae_bacterium_1_1_57FAA,0.004968975979044288
Anaerotruncus_unclassified,0.004864981644906342
Clostridium_leptum,0.004852210962414402
Bacteroides_thetaiotaomicron,0.004792590347154245
Adlercreutzia_equolifaciens,0.004748866661582031
Bilophila_wadsworthia,0.004722696763209249
Ruminococcus_bromii,0.004672928610660891
Lachnospiraceae_bacterium_3_1_46FAA,0.004667308613626968
Methanobrevibacter_unclassified,0.004656310922427429
Bifidobacterium_longum,0.004645012685890476
Bacteroides_uniformis,0.0045983908472642205
Veillonella_unclassified,0.004574911910831976
Clostridium_bolteae,0.004523672565487688
Veillonella_parvula,0.004487071664410874
Alistipes_shahii,0.004468846581562043
Lachnospiraceae_bacterium_7_1_58FAA,0.0044633050201921005
Eggerthella_unclassified,0.004442906748215799
Streptococcus_thermophilus,0.00443581456553932
Prevotella_intermedia,0.004394109056949555
Bacteroides_stercoris,0.004379842779835236
Clostridium_asparagiforme,0.004303582877703168
Methanobrevibacter_smithii,0.004270577916080463
Ruminococcus_gnavus,0.0042520629000502965
Streptococcus_constellatus,0.00423545247516821
Rothia_mucilaginosa,0.004213792029477554
Parabacteroides_distasonis,0.004189392910631329
Coprococcus_catus,0.004187833486599007
Roseburia_hominis,0.004147428046388044
Subdoligranulum_variabile,0.004134418216749192
Collinsella_aerofaciens,0.00406927025753423
Erysipelotrichaceae_bacterium_21_3,0.004051349544051335
Dorea_formicigenerans,0.0040497127661865825
Akkermansia_muciniphila,0.004035270847095212
Bacteroides_dorei,0.004011414679232445
Granulicatella_adiacens,0.003992803099701842
Clostridium_citroniae,0.003933977046350574
Prevotella_copri,0.00391358934158744
Streptococcus_sanguinis,0.003909858844900243
Gemella_sanguinis,0.0038954124012640216
Roseburia_inulinivorans,0.0038887967465448797
Dorea_longicatena,0.0038700734116067508
Holdemania_filiformis,0.0038168966017690575
Parasutterella_excrementihominis,0.003804792109566472
Bacteroides_xylanisolvens,0.0037990524090557175
Odoribacter_splanchnicus,0.0037630087483910444
Bacteroidales_bacterium_ph8,0.0037216171635354144
Alistipes_senegalensis,0.0037012625354834044
Clostridiales_bacterium_1_7_47FAA,0.0036687861546572495
Ruminococcus_lactaris,0.003654136236580509
Bacteroides_cellulosilyticus,0.0036435500184642303
Anaerococcus_vaginalis,0.0036304671334040995
Alistipes_finegoldii,0.0035674422794862632
Haemophilus_parainfluenzae,0.0035475256210718772
Lachnospiraceae_bacterium_5_1_57FAA,0.003535573025879009
Burkholderiales_bacterium_1_1_47,0.0034751675295465237
Pseudoflavonifractor_capillosus,0.003427417955056991
Bacteroides_massiliensis,0.0034247397868828935
Bacteroides_vulgatus,0.00341580504474366
Ruminococcus_callidus,0.0034140961740294707
Lachnospiraceae_bacterium_2_1_58FAA,0.0034137895985143535
Ruminococcaceae_bacterium_D16,0.003348001316925956
Actinomyces_odontolyticus,0.003285320111818938
Bacteroides_nordii,0.0032248008244651336
Desulfovibrio_desulfuricans,0.0031983445637984863
Eggerthella_lenta,0.003161871629317196
Granulicatella_unclassified,0.0031385115112139454
Subdoligranulum_sp_4_3_54A2FAA,0.003125029526555387
Erysipelotrichaceae_bacterium_6_1_45,0.0031246931375291257
Acidaminococcus_unclassified,0.003067684564369726
Streptococcus_anginosus,0.002994505013492659
Barnesiella_intestinihominis,0.0029636133135027254
Streptococcus_mitis_oralis_pneumoniae,0.002916706073668541
Parabacteroides_merdae,0.0029022779626755864
Eubacterium_siraeum,0.002830714285640642
Mitsuokella_unclassified,0.0028268381083043086
Coprobacillus_unclassified,0.0027922999980491596
Clostridium_bartlettii,0.0027125935139809005
Bacteroides_salyersiae,0.0027110564378772105
Clostridium_nexile,0.002696716926996544
Atopobium_parvulum,0.002656989385619883
Parabacteroides_johnsonii,0.0026276393202609
Peptostreptococcaceae_noname_unclassified,0.0026189768652478077
Eubacterium_biforme,0.002594306692588197
Erysipelotrichaceae_bacterium_2_2_44A,0.0025881645810611263
Parabacteroides_unclassified,0.0025746048996541484
Veillonella_atypica,0.002543564627521033
Bacteroides_eggerthii,0.002534790542268513
Fusobacterium_mortiferum,0.002489581574130033
Clostridium_sp_ATCC_BAA_442,0.002430196234972166
Bacteroides_finegoldii,0.0024038450104181684
Bacteroides_faecis,0.002375714992067854
Prevotella_stercorea,0.0023508022965440757
Paraprevotella_unclassified,0.002316762295652676
Bifidobacterium_bifidum,0.00230739531496907
Actinomyces_graevenitzii,0.0022901884936268623
Streptococcus_pasteurianus,0.002280943418597721
Holdemania_unclassified,0.00226930729359803
Bifidobacterium_pseudocatenulatum,0.0021792600032883966
Olsenella_unclassified,0.002171517830236104
Lachnospiraceae_bacterium_1_4_56FAA,0.002167166973428455
Klebsiella_unclassified,0.002144987710931693
Anaerococcus_obesiensis,0.0021349646229625757
Bacteroides_plebeius,0.0021103198802385607
Clostridium_clostridioforme,0.0021027453526638604
Clostridium_ramosum,0.0020759704557762747
Clostridium_scindens,0.0020630162021773204
Streptococcus_tigurinus,0.0020595188047137667
Veillonella_dispar,0.0020541425470152006
Butyrivibrio_unclassified,0.002038186171508896
Alistipes_sp_AP11,0.002032891998792249
Sutterella_wadsworthensis,0.0020265822645494655
Butyrivibrio_crossotus,0.0019922144328502903
Ruminococcus_flavefaciens,0.0019899326627391203
Dialister_invisus,0.0019649609909985987
Actinomyces_cardiffensis,0.0019477151991557683
Streptococcus_vestibularis,0.0019385780902241966
Streptococcus_gordonii,0.0019198411300401824
Bifidobacterium_dentium,0.001910443341799757
Eubacterium_limosum,0.0019049745914657698
Morganella_morganii,0.001895419900908009
Rothia_dentocariosa,0.0018736263394178987
Slackia_unclassified,0.001841769891549119
Lactobacillus_salivarius,0.0018151866071254746
Bacteroides_clarus,0.0017803286408631885
Bacteroides_intestinalis,0.0017758393254497316
Streptococcus_mutans,0.0017726810788330175
Actinomyces_oris,0.001695273150695359
Parabacteroides_goldsteinii,0.0016706162377112695
Paraprevotella_xylaniphila,0.0016595496119854011
Bifidobacterium_animalis,0.0016481222017906173
Lactococcus_lactis,0.0016185941622702854
Oxalobacter_formigenes,0.0016162891779468924
Klebsiella_pneumoniae,0.0015611736566639976
Eikenella_corrodens,0.0015606341946608998
Bacteroides_coprocola,0.0015281852846238864
Blautia_hydrogenotrophica,0.0015098668624822706
Coprococcus_sp_ART55_1,0.0015087007161853822
Roseburia_unclassified,0.0015032014378215312
Blautia_producta,0.0015029149139280014
Coprobacter_fastidiosus,0.0014984723423322665
Lactobacillus_delbrueckii,0.001494392083547565
Propionibacterium_freudenreichii,0.0014910300042769652
Lactobacillus_casei_paracasei,0.0014525183877105172
Clostridiaceae_bacterium_JC118,0.001446123277446912
Acidaminococcus_intestini,0.0014385150720179671
Dorea_unclassified,0.0013668499837423253
Phascolarctobacterium_succinatutens,0.0013581086390448754
Eubacterium_infirmum,0.0013363540544051207
Catenibacterium_mitsuokai,0.0013168380438837082
Megasphaera_micronuciformis,0.001279713014375881
Megasphaera_unclassified,0.001276077547902727
Lachnospiraceae_bacterium_8_1_57FAA,0.0012719025956118447
Pseudomonas_unclassified,0.001243489624906857
Bacteroides_pectinophilus,0.0012407585226523778
Desulfovibrio_piger,0.0012372701854328394
Clostridium_methylpentosum,0.0011953499369353109
Clostridium_sp_L2_50,0.0011708498911729493
Lactobacillus_gasseri,0.0011592421700227032
Eubacterium_sp_3_1_31,0.0011536449902488112
Mitsuokella_multacida,0.0011312761084514209
candidate_division_TM7_single_cell_isolate_TM7c,0.001126528593689295
Vicia_cryptic_virus,0.0011128926651563203
Fusobacterium_varium,0.0011049880855912382
Clostridium_innocuum,0.0010929373441122662
Actinomyces_viscosus,0.0010885996863956406
Aggregatibacter_segnis,0.0010830662597281597
Megamonas_unclassified,0.0010784231943939833
Enterobacter_cloacae,0.001040519682428369
Lachnospiraceae_bacterium_9_1_43BFAA,0.0010330186937137905
Pantoea_unclassified,0.0010144189128980805
Streptococcus_dysgalactiae,0.001000176068407391
Streptococcus_cristatus,0.0009996526662682957
Butyricimonas_synergistica,0.0009889204726060896
Deinococcus_unclassified,0.0009852973581116575
Gemella_haemolysans,0.0009342007388711081
Turicibacter_unclassified,0.0009309866856384276
Clostridium_sp_KLE_1755,0.0009302525207739325
Enterococcus_faecalis,0.0009290407766934724
Atopobium_rimae,0.000876626802747271
Enterococcus_faecium,0.0008726960812510883
Streptococcus_gallolyticus,0.0008608409831161961
Eubacterium_cylindroides,0.0008586277757864512
Paraprevotella_clara,0.0008517032941408293
Dialister_succinatiphilus,0.0008513096307322837
Scardovia_wiggsiae,0.0008417935127359378
Actinomyces_naeslundii,0.0008389139365575654
Lactobacillus_fermentum,0.000836377340978678
Methanosphaera_stadtmanae,0.000828050920692356
Leptotrichia_unclassified,0.0008199789187804643
Streptococcus_intermedius,0.0008127745682358896
Abiotrophia_defectiva,0.0007914190785637868
Rothia_unclassified,0.0007645046234695608
Megamonas_rupellensis,0.0007555999066130709
Ruminococcus_champanellensis,0.0007534484819754002
Citrobacter_unclassified,0.0007471638389008333
Coprococcus_eutactus,0.0007456810461875654
Candidatus_Zinderia_insecticola,0.0007407043596763223
Anaerofustis_stercorihominis,0.000739492242245604
Eubacterium_brachy,0.0007372643902420542
C2likevirus_unclassified,0.0007352777337610287
Klebsiella_oxytoca,0.0007291618076978003
Collinsella_tanakaei,0.0007286826661756635
Alistipes_unclassified,0.000728400848302111
Butyricicoccus_pullicaecorum,0.0007239622935935698
Leuconostoc_mesenteroides,0.00071535186349987
Coriobacteriaceae_bacterium_phI,0.0006873159909417377
Turicibacter_sanguinis,0.0006812263911743857
Corynebacterium_durum,0.0006437722841754726
Fusobacterium_necrophorum,0.000639840976539438
Atopobium_minutum,0.000630212122094894
Slackia_piriformis,0.0006278988227827141
Olsenella_uli,0.0006250581585501244
Gemella_unclassified,0.0006245146571846207
Lactobacillus_plantarum,0.0006192416407486351
Actinomyces_massiliensis,0.0005975081717678611
Fusobacterium_gonidiaformans,0.0005917637090012143
Fusobacterium_ulcerans,0.0005910212870825585
Megamonas_hypermegale,0.0005826427495521087
Collinsella_intestinalis,0.0005782207312101203
Bulleidia_extructa,0.0005565768132907869
Alloscardovia_omnicolens,0.0005557929635027685
Enterococcus_avium,0.0005542024248409086
Saccharomyces_cerevisiae,0.0005481939710582436
Eubacterium_dolichum,0.0005347806018213138
Ruminococcus_sp_JC304,0.0005346238630110581
Lactobacillus_reuteri,0.0005271418998171183
Bifidobacterium_breve,0.0005187407761916141
Synergistes_sp_3_1_syn1,0.0005150242460387528
Propionibacterium_acnes,0.0005139834650288737
Bacteroides_coprophilus,0.0005016622971046663
Anaerostipes_caccae,0.0005010387804902371
Citrobacter_freundii,0.0004984312534181025
Enterobacteriaceae_bacterium_9_2_54FAA,0.0004924161423205946
Acidaminococcus_fermentans,0.0004881564927780657
Parascardovia_denticolens,0.00048581907795831755
candidate_division_TM7_single_cell_isolate_TM7b,0.00047266063473520446
Erysipelotrichaceae_bacterium_5_2_54FAA,0.00046168847968001405
Anaerostipes_unclassified,0.0004578583085369761
Leuconostoc_pseudomesenteroides,0.00045153652992671524
Haemophilus_sputorum,0.0004477820370738768
Shigella_sonnei,0.0004470283635579131
Pyramidobacter_piscolens,0.00044327465701495705
Clostridium_perfringens,0.0004401868584740735
Oscillibacter_sp_KLE_1745,0.0004381467133624201
Collinsella_unclassified,0.0004348331678663709
Lactobacillus_mucosae,0.0004341341876793922
Campylobacter_ureolyticus,0.0004315816054982828
Lachnospiraceae_bacterium_4_1_37FAA,0.00043061574017861265
Porphyromonas_endodontalis,0.00040947785266351466
Peptoniphilus_harei,0.00040549989487682436
Lachnospiraceae_bacterium_6_1_63FAA,0.0004054621048533041
Porcine_type_C_oncovirus,0.0003976456461138892
Eggerthella_sp_1_3_56FAA,0.00039720574675305797
Streptococcus_oligofermentans,0.00039401166260541774
Alloprevotella_unclassified,0.0003935013931164554
Corynebacterium_casei,0.00038377644412076225
Megasphaera_elsdenii,0.0003644306571812105
Prevotella_bivia,0.0003630422772831454
Enterococcus_durans,0.00035996933112192824
Slackia_exigua,0.00035841690092836725
Oribacterium_sinus,0.0003566825738296936
Alloprevotella_tannerae,0.0003540521287585193
Lactococcus_raffinolactis,0.0003519565434430957
Lactococcus_garvieae,0.0003444577989694711
Aggregatibacter_unclassified,0.0003320182632923484
Holdemania_sp_AP2,0.0003296302728458238
Clostridium_hylemonae,0.0003263231693871175
Lactobacillus_sakei,0.00032545157022988635
Erysipelotrichaceae_bacterium_3_1_53,0.0003239582233185915
Methanocella_conradii,0.00032224708790802825
Neisseria_unclassified,0.000321206264576267
Streptococcus_lutetiensis,0.0003196529654632397
Clostridium_celatum,0.00030838060482317735
Tula_virus,0.00030091922442656454
Bacteroides_salanitronis,0.00029245637483360385
Burkholderia_unclassified,0.00027791561843264965
Lactobacillus_gastricus,0.00027667366363219576
Scardovia_unclassified,0.000276410888304004
Oenococcus_oeni,0.0002715035396716963
Hafnia_alvei,0.0002688551341443679
Granulicella_unclassified,0.00026512173597552634
Chlorobium_phaeobacteroides,0.00026505407686155095
Stenotrophomonas_maltophilia,0.00026425179779182497
Propionibacterium_propionicum,0.00025866625171670386
Polaromonas_unclassified,0.000258629183753484
Lactobacillus_rhamnosus,0.0002576612526901224
Varibaculum_cambriense,0.0002570182590576728
Lactobacillus_vaginalis,0.00025584365671124063
Bacteroides_oleiciplenus,0.00025498406760791003
Streptococcus_agalactiae,0.0002510769796020741
Alcaligenes_unclassified,0.0002480758584935219
Simbu_virus,0.0002451211479595969
Clostridium_spiroforme,0.00024105577790999733
Blastomonas_unclassified,0.00024094625682559334
Streptococcus_peroris,0.00023562651509940287
Campylobacter_showae,0.0002298312855052761
Lactococcus_phage_P680,0.00022171201217356884
Neisseria_meningitidis,0.00022057371589458583
Bacteroides_barnesiae,0.00022038805244471154
Prevotella_buccae,0.00021894584551784257
Actinomadura_atramentaria,0.00021811964072557678
Gardnerella_vaginalis,0.000213632387837261
Actinobacillus_unclassified,0.00021191311248605795
Naumovozyma_unclassified,0.0002112257093200911
Comamonas_unclassified,0.00021045979509174374
Betanodavirus_unclassified,0.00020990402756397607
Micromonospora_lupini,0.00020866114666801303
Psychrobacter_arcticus,0.0002079724395920142
Staphylococcus_aureus,0.00020653520787655084
Clostridium_butyricum,0.00020529898440434666
Amorphus_coralli,0.00020494201467555976
Haemophilus_haemolyticus,0.00020476416441083927
Bacteroides_sp_2_1_22,0.00020390301074085486
Azoarcus_unclassified,0.0001940163637586289
Oceanicaulis_unclassified,0.00019272324809865092
Streptomyces_pristinaespiralis,0.00019015924996539348
Sanguibacter_keddieii,0.00018804636753778288
Porphyromonas_gingivalis,0.0001865935209441352
Chicken_anemia_virus,0.0001839673844322389
Enterobacter_aerogenes,0.00018339237629419933
Streptomyces_roseochromogenes,0.00017963110508723422
Lactobacillus_curvatus,0.0001784390928982047
Lactobacillus_crispatus,0.00017685587442186758
Maize_chlorotic_dwarf_virus,0.0001768007313687592
Cryptobacterium_curtum,0.00017663691981890912
SAR406_cluster_bacterium_SCGC_AB_629_J13,0.0001760608066985746
Microbacterium_yannicii,0.0001758815670990074
Circovirus_like_genome_RW_E,0.00017574751330280453
Eubacterium_saphenum,0.00017420774161214627
Lactobacillus_ultunensis,0.00017330707139244172
Lactobacillus_murinus,0.00017086488446223482
Astrovirus_MLB2,0.00017069099167896514
Brachyspira_unclassified,0.00016948893447375567
Lachnospiraceae_bacterium_ICM7,0.0001691697779076483
Streptomyces_chartreusis,0.00016819204221802037
Prevotella_timonensis,0.00016736239540050092
Thermodesulfobacterium_geofontis,0.00016610163122723014
Megasphaera_genomosp_type_1,0.00016509444264976769
Methanosaeta_harundinacea,0.0001645242160855686
Roseiflexus_unclassified,0.00016289384558202012
gamma_proteobacterium_HTCC2207,0.0001628737438247352
Odoribacter_laneus,0.00016200200028879875
Prosthecochloris_aestuarii,0.00015910939197148543
Delftia_acidovorans,0.0001583370149754068
Streptomyces_globisporus,0.000156122020511676
Streptomyces_zinciresistens,0.00015565462632156828
Canine_picornavirus,0.000154959814012193
Lactobacillus_ruminis,0.00015457600820137176
Cellulophaga_unclassified,0.0001539191666929574
Betalipothrixvirus_unclassified,0.00015389063846215305
Murine_astrovirus,0.0001533339075093958
Bifidobacterium_angulatum,0.00015211273398340475
Corynebacterium_matruchotii,0.00015019093737612122
Parsnip_yellow_fleck_virus,0.00014804444163539577
Rhinovirus_B,0.0001477418014755534
Thermaerobacter_marianensis,0.00014628520159803561
Heterosigma_akashiwo_RNA_virus,0.0001462349325019536
Granulicatella_elegans,0.00014501707784200175
Truepera_radiovictrix,0.00014471838357931954
Pseudomonas_protegens,0.0001437029511925148
Rhizoctonia_cerealis_endornavirus_1,0.00014283209068323367
Nocardiopsis_ganjiahuensis,0.00014241868194170973
Nocardiopsis_dassonvillei,0.00014225804325448732
Ustilago_maydis_virus_H1,0.0001415811870668479
Prevotella_disiens,0.000141474125587387
Meganema_perideroedes,0.00014140403681193604
Methylocystis_rosea,0.00014138713146491253
Actinomyces_turicensis,0.0001409760684440622
Pseudomonas_coronafaciens,0.00014084304159139494
Alishewanella_agri,0.0001400560376059788
Bartonella_unclassified,0.0001400503300676561
zeta_proteobacterium_SCGC_AB_133_C04,0.00014004400848910542
Prevotella_buccalis,0.0001398705592098492
Methylomonas_unclassified,0.00013956921754309132
Zavarzinella_formosa,0.00013931720835037408
Pseudomonas_syringae_group_genomosp_3,0.00013876830079241018
Weissella_unclassified,0.00013799693379537887
Caldithrix_abyssi,0.00013510870982117414
Streptococcus_urinalis,0.00013435108053308522
Prevotella_denticola,0.00013410692378589914
Blueberry_latent_virus,0.00013356459295113106
Sandarakinorhabdus_unclassified,0.00013347670144627327
Parrot_hepatitis_B_virus,0.00013286761965887182
Chlorovirus_unclassified,0.0001321575965543339
Leptospira_meyeri,0.00013087687348590116
Thalassiosira_pseudonana,0.00013033410930915343
Burkholderia_gladioli,0.00012999356886535935
Aeromonas_unclassified,0.00012901503889290247
Candida_glabrata,0.00012888506063427332
Actinomyces_georgiae,0.0001288325925812006
Nitrosopumilus_maritimus,0.00012788495832775332
Human_adenovirus_D,0.0001271756406768751
Arracacha_virus_B,0.0001263256149685434
Cyanobium_unclassified,0.0001260738110547423
Terriglobus_saanensis,0.00012567167946762057
Prevotella_multisaccharivorax,0.00012487411084018794
Lactobacillus_antri,0.0001245807016400316
Bacillus_clausii,0.00012418928583092574
Treponema_brennaborense,0.00012396356680993714
Helicobacter_macacae,0.00012349948709375173
Rhodobacteraceae_bacterium_HTCC2150,0.00012283422253522928
Helicobacter_pullorum,0.00012258589672275704
Moraxella_macacae,0.00012028433324163259
Chloroflexus_unclassified,0.00011909170750534895
Cupriavidus_basilensis,0.00011892764952828722
Coronaviridae_noname_unclassified,0.00011859473377048244
Lactobacillus_parafarraginis,0.00011818371952386457
Kelp_fly_virus,0.00011607282960133017
Giardia_intestinalis,0.00011523215964544367
Mobilicoccus_pelagius,0.00011490529475013734
Tannerella_forsythia,0.00011448558543255909
Finegoldia_magna,0.0001136862514130478
Tobacco_ringspot_virus,0.00011331261282227685
Brevicoryne_brassicae_picorna_like_virus,0.0001133041807681099
Rhodopirellula_unclassified,0.00011330250529902264
Bifidobacterium_pseudolongum,0.00011326591024479866
Pseudomonas_aeruginosa,0.00011290811521454461
Capnocytophaga_granulosa,0.00011228300897249352
Allofustis_seminis,0.00011218643076510509
Odoribacter_unclassified,0.00011195583648319937
Acidothermus_cellulolyticus,0.00011188018882201605
Bartonella_bovis,0.0001117580394868622
Scardovia_inopinata,0.00011110945417946679
Pseudomonas_umsongensis,0.00010978370921668872
Flexibacter_litoralis,0.00010934628587146088
Streptococcus_infantarius,0.00010928480783927939
Paenibacillus_dendritiformis,0.00010894496030191354
Haemophilus_pittmaniae,0.00010894368256979104
Pseudomonas_fragi,0.00010889113958615402
Acidovorax_citrulli,0.00010872996577903973
Campylobacter_concisus,0.00010822483021084518
Desulfohalobium_retbaense,0.00010805192001453562
Actinokineospora_enzanensis,0.00010758615911936427
Paenisporosarcina_unclassified,0.00010713555124951558
Oscillibacter_sp_KLE_1728,0.00010679918243300335
Pontibacter_unclassified,0.00010636997473731174
Actinomyces_johnsonii,0.00010512200964694362
Bombyx_mori_nucleopolyhedrovirus,0.00010495104154115064
Chlorobium_phaeovibrioides,0.00010453346931142227
Desulfarculus_baarsii,0.00010447421091126862
Prevotella_oris,0.00010428347340966388
Prevotella_baroniae,0.00010406674278151996
Fusobacterium_periodonticum,0.00010406577524126558
Caulobacter_segnis,0.0001040623079020607
Succinatimonas_hippei,0.00010387494641453051
Megamonas_funiformis,0.00010364824309046155
Theileria_parva,0.00010335463284760302
Dyella_ginsengisoli,0.00010331572923419055
Wheat_dwarf_virus,0.00010291369953316704
Murine_coronavirus,0.00010276321041793765
Spirochaeta_alkalica,0.00010244634167127821
Mobiluncus_curtisii,0.00010221422333488784
Jaagsiekte_sheep_retrovirus,0.00010175308190354673
Microcystis_aeruginosa,0.00010132061577907224
Aliivibrio_fischeri,0.0001011562877486782
Cycas_necrotic_stunt_virus,0.00010101521931017979
Sphingobacterium_spiritivorum,0.00010013718777986319
Gordonia_amicalis,9.984213114524882e-05
Lachnospiraceae_bacterium_oral_taxon_082,9.979273286694836e-05
Acidovorax_ebreus,9.96896782097902e-05
Weissella_cibaria,9.960181310023902e-05
Bavariicoccus_seileri,9.945557774031475e-05
Crocosphaera_watsonii,9.87766706162139e-05
Rhodopseudomonas_palustris,9.857808141891942e-05
endosymbiont_of_Tevnia_jerichonana,9.84448590746321e-05
Enterococcus_asini,9.821479770473313e-05
Avian_sapelovirus,9.78950580743245e-05
Bordetella_petrii,9.759066070375743e-05
Borrelia_hermsii,9.737012087423762e-05
alpha_proteobacterium_BAL199,9.692480279991735e-05
Clostridium_sporogenes,9.664376859283982e-05
Kingella_unclassified,9.604534963997965e-05
Equine_rhinitis_A_virus,9.558849980633138e-05
Flexithrix_dorotheae,9.511953619852447e-05
Cellulophaga_algicola,9.455178334172532e-05
Magnaporthe_oryzae_virus_1,9.452106983480013e-05
Desulfovibrio_africanus,9.449963234113128e-05
Hyphomicrobium_zavarzinii,9.445499396213771e-05
Caladenia_virus_A,9.41216719794759e-05
Streptomyces_somaliensis,9.315553731663523e-05
Enterorhabdus_caecimuris,9.288089219168215e-05
Chryseobacterium_gleum,9.174859574621803e-05
Brucella_pinnipedialis,9.172174883651478e-05
Hamster_polyomavirus,9.170162642558855e-05
Torque_teno_sus_virus_1a,9.152594784250165e-05
Aquabirnavirus_unclassified,9.017295057000346e-05
Desulfatibacillum_alkenivorans,9.015482674903436e-05
Cervidpoxvirus_unclassified,8.955822628953534e-05
Enterococcus_italicus,8.954401704063652e-05
Ethanoligenens_harbinense,8.916138582331408e-05
Encephalitozoon_cuniculi,8.903569338934692e-05
Lactobacillus_phage_Lc_Nu,8.864579303389118e-05
Methylacidiphilum_fumariolicum,8.836249607787923e-05
Debaryomyces_hansenii,8.835234428275652e-05
Helicobasidium_mompa_endornavirus_1,8.724577786232698e-05
Tetrapisispora_blattae,8.647849098395469e-05
Porphyromonas_levii,8.602424686635408e-05
Brachybacterium_squillarum,8.597206667235402e-05
Oligella_ureolytica,8.591025477275107e-05
Vibrio_ordalii,8.560465604092379e-05
Corynebacterium_pseudotuberculosis,8.557243673782228e-05
Indibacter_alkaliphilus,8.520782968240065e-05
Nocardiopsis_xinjiangensis,8.508899713205567e-05
Cellulomonas_fimi,8.453770012839055e-05
Desulfospira_joergensenii,8.413253842904565e-05
Thermus_oshimai,8.359854980367979e-05
Raoultella_ornithinolytica,8.352163433746981e-05
Streptococcus_iniae,8.314707738978244e-05
Avian_endogenous_retrovirus_EAV_HP,8.312847280637025e-05
Comamonas_testosteroni,8.278845023859271e-05
Saccharomyces_23S_RNA_narnavirus,8.270176784429843e-05
Gramella_forsetii,8.254012071235016e-05
Kiloniella_laminariae,8.239624174818487e-05
Slackia_heliotrinireducens,8.220029347441456e-05
Ralstonia_pickettii,8.208266657858769e-05
Bat_hepatitis_virus,8.189582995924148e-05
Leuconostoc_unclassified,8.181147617976366e-05
Pseudoramibacter_alactolyticus,8.174060389632204e-05
Haloarcula_hispanica,8.161810606629009e-05
Vibrio_rumoiensis,8.160054510719515e-05
Oceanicola_batsensis,8.132070589016412e-05
Stomatobaculum_longum,8.111974946532103e-05
Corynebacterium_timonense,8.108089479070226e-05
Thermotoga_petrophila,8.099187013679554e-05
Cryptosporidium_muris,8.046228112625302e-05
Gordonia_paraffinivorans,8.020597145699495e-05
Gordonia_otitidis,8.005496768791387e-05
Paludibacter_propionicigenes,7.968290447138986e-05
Actinobacillus_pleuropneumoniae,7.939048982592386e-05
Haloterrigena_turkmenica,7.908700968727581e-05
Actinosynnema_mirum,7.900614994626434e-05
Pediococcus_pentosaceus,7.89926303184829e-05
Paenibacillus_riograndensis,7.890049241641863e-05
Yualikevirus_unclassified,7.880698119649502e-05
Uncinocarpus_reesii,7.878808440933453e-05
Cucumber_necrosis_virus,7.870005666266718e-05
Sordaria_macrospora,7.862687941826763e-05
Atopobium_vaginae,7.853171871833596e-05
Bartonella_quintana,7.837422899038527e-05
Haloquadratum_unclassified,7.831721849218987e-05
Clostridium_hiranonis,7.831229970227263e-05
Bergeyella_zoohelcum,7.82957263094906e-05
Hepatitis_delta_virus,7.797632891864509e-05
Ruania_albidiflava,7.768931921117032e-05
Fretibacterium_fastidiosum,7.761323359939476e-05
Ahjdlikevirus_unclassified,7.74787308222084e-05
Vibrio_orientalis,7.747405437817701e-05
Sporomusa_ovata,7.684980490872826e-05
Cytophaga_aurantiaca,7.662864325586407e-05
Rhodomicrobium_vannielii,7.626333756195725e-05
Candidatus_Tremblaya_phenacola,7.61856051166171e-05
Halosarcina_pallida,7.590676450957957e-05
Bovine_rhinitis_B_virus,7.586417137041564e-05
Neosartorya_fischeri,7.565749992587054e-05
Curvibacter_lanceolatus,7.557624845082683e-05
Marvinbryantia_formatexigens,7.55162647269882e-05
GB_virus_C,7.543085100443415e-05
Bacillus_marmarensis,7.52386210251692e-05
Thermotoga_maritima,7.51024545085428e-05
Desulfurococcus_unclassified,7.498884203205622e-05
Actinoplanes_unclassified,7.492031044579873e-05
Microcoleus_unclassified,7.437729056122747e-05
Chayote_mosaic_virus,7.426728125965432e-05
Aeromicrobium_marinum,7.421208401811401e-05
Borrelia_duttonii,7.40210029358006e-05
Filifactor_alocis,7.372105645441014e-05
Kytococcus_sedentarius,7.3237976528381e-05
Massilia_niastensis,7.299661146172251e-05
Lactobacillus_acidophilus,7.297780555792417e-05
Leucobacter_chromiiresistens,7.268306797478931e-05
Clostridium_difficile,7.224682023460228e-05
Simkania_negevensis,7.220079805140352e-05
Methanoculleus_bourgensis,7.216011411554934e-05
Gordonia_bronchialis,7.210525553144381e-05
Pseudovibrio_unclassified,7.210122555900148e-05
Kribbella_flavida,7.207015114262078e-05
Torque_teno_virus,7.192393950926063e-05
Neisseria_gonorrhoeae,7.191283254993372e-05
Rosellinia_necatrix_quadrivirus_1,7.160406486195152e-05
Phic3unalikevirus_unclassified,7.141264829375394e-05
Thermodesulfobium_narugense,7.13916183905517e-05
Pseudomonas_veronii,7.128909834674053e-05
Blautia_hansenii,7.09471495806139e-05
Roseomonas_cervicalis,7.09014272307255e-05
Azospirillum_lipoferum,7.069726763729834e-05
Micavibrio_aeruginosavorus,7.06222463079744e-05
Cryptococcus_neoformans,7.018123178561545e-05
Nilaparvata_lugens_honeydew_virus_2,6.992765823235448e-05
Nitrobacter_winogradskyi,6.987255595962977e-05
Kingella_denitrificans,6.967423749640375e-05
Leuconostoc_carnosum,6.953261065353372e-05
Thermoanaerobacterium_saccharolyticum,6.91352425812891e-05
Saccharibacillus_kuerlensis,6.912886557313422e-05
Thermotoga_naphthophila,6.912208763962737e-05
Bacillus_pumilus,6.908233959118465e-05
Mesorhizobium_opportunistum,6.83411674782358e-05
Mycoplasma_hyorhinis,6.830753805336362e-05
Ochrobactrum_anthropi,6.819953870562445e-05
Enterococcus_villorum,6.80877107599849e-05
Pegivirus_A,6.776230166059236e-05
Streptococcus_minor,6.775261148204611e-05
Rickettsia_typhi,6.763033845112936e-05
Caldicellulosiruptor_hydrothermalis,6.75449905966117e-05
Deinococcus_peraridilitoris,6.753026117794983e-05
Leifsonia_rubra,6.739567895781337e-05
PhiCD119likevirus_unclassified,6.736868592888826e-05
Arthroderma_otae,6.732780615530614e-05
Proteiniphilum_acetatigenes,6.726886098309098e-05
Rhodanobacter_unclassified,6.718292178527778e-05
Salipiger_mucosus,6.717251070236572e-05
Streptococcus_sobrinus,6.713044342038334e-05
Eremothecium_cymbalariae,6.669892809612943e-05
Enterovirus_E,6.63152357416132e-05
Leuconostoc_citreum,6.613493881076577e-05
Acinetobacter_rudis,6.566169563742397e-05
Desulfitobacterium_metallireducens,6.562711807678895e-05
Fusarium_graminearum,6.538001565892769e-05
Pusillimonas_unclassified,6.537240468201832e-05
Enterococcus_casseliflavus,6.52347025657175e-05
Archaeoglobus_sulfaticallidus,6.4968254055007e-05
Legionella_anisa,6.486078749681842e-05
Xanthobacter_autotrophicus,6.458009981030074e-05
Mycoplasma_haemocanis,6.438974293787764e-05
Lactobacillus_rossiae,6.407125472026382e-05
Fibrisoma_limi,6.403384635330566e-05
Plesiocystis_pacifica,6.395367425161667e-05
Lawsonia_intracellularis,6.391023002725521e-05
Campylobacter_gracilis,6.231309692103977e-05
Alkaliphilus_oremlandii,6.228841092050689e-05
Marine_RNA_virus_JP_A,6.223303563329804e-05
Circovirus_like_genome_RW_C,6.195739815082006e-05
Geopsychrobacter_electrodiphilus,6.183420223311662e-05
Bacteroides_sp_3_1_19,6.180027316201011e-05
Candidatus_Moranella_endobia,6.179673218228803e-05
Rhodococcus_qingshengii,6.163518950567758e-05
Trichomonas_vaginalis_virus_3,6.143489908323745e-05
Dickeya_dadantii,6.136142753356959e-05
Porphyromonas_bennonis,6.135342306785489e-05
Candidatus_Azobacteroides_pseudotrichonymphae,6.117094321658819e-05
Thermoplasma_volcanium,6.067263156929552e-05
Weissella_confusa,6.058165477692474e-05
Verminephrobacter_aporrectodeae,6.0540553620092125e-05
Shuttleworthia_satelles,6.040052527600264e-05
Eel_picornavirus_1,6.0247712960083204e-05
Chocolate_lily_virus_A,6.001353793576177e-05
Haloterrigena_limicola,6.0008797787307515e-05
Amycolatopsis_methanolica,5.9762293336994094e-05
Borrelia_miyamotoi,5.942900273564514e-05
Aeromonas_veronii,5.9209608298297504e-05
gamma_proteobacterium_BDW918,5.9194069922986823e-05
Streptomyces_lividans,5.899610948858516e-05
Corallococcus_coralloides,5.89933413804967e-05
Natrinema_gari,5.891475119581505e-05
Campylobacter_hominis,5.884222395940161e-05
Vibrio_cyclitrophicus,5.868665614470897e-05
Desulfovibrio_termitidis,5.8666606045316664e-05
Salmonella_bongori,5.8595641288051535e-05
Cyanobium_gracile,5.851794164392852e-05
Pigeon_picornavirus_B,5.848425523152346e-05
Tropheryma_whipplei,5.835617491539319e-05
Rhodothermus_marinus,5.8282877988200117e-05
Streptococcus_pseudoporcinus,5.7975874679988134e-05
Firmicutes_bacterium_M10_2,5.795631071221376e-05
Stanieria_cyanosphaera,5.787688666006165e-05
Halorubrum_californiense,5.780674968087927e-05
Anaplasma_phagocytophilum,5.77467851787454e-05
Niabella_soli,5.77029443728025e-05
Pseudoalteromonas_arctica,5.766640902103525e-05
SAR324_cluster_bacterium_SCGC_AB_629_O05,5.701565785631392e-05
Aura_virus,5.683103231722686e-05
Desulfotomaculum_reducens,5.6742005292786615e-05
Brucella_microti,5.6733168833083236e-05
Haloferax_elongans,5.656002798901098e-05
Triatoma_virus,5.654512533343911e-05
Bcep78likevirus_unclassified,5.65402336187457e-05
Zymophilus_raffinosivorans,5.639596779359548e-05
Burkholderia_graminis,5.631675746204893e-05
Turdivirus_1,5.627066491384343e-05
Paenibacillus_barengoltzii,5.618060613243123e-05
Roseovarius_unclassified,5.588596988702354e-05
Lactobacillus_jensenii,5.5582221713071755e-05
Plautia_stali_intestine_virus,5.552558563437139e-05
Pseudacidovorax_intermedius,5.533318771911534e-05
Marivirga_tractuosa,5.531081148001249e-05
Streptococcus_macedonicus,5.514615098325249e-05
Nautilia_profundicola,5.478128655506446e-05
Deferribacter_desulfuricans,5.469508547131036e-05
Prevotella_nigrescens,5.459835464784577e-05
Pasteurella_dagmatis,5.450720192087409e-05
Thaumarchaeota_noname_unclassified,5.4485654106535115e-05
Thermincola_potens,5.4362627981249676e-05
Cronobacter_malonaticus,5.426003362067023e-05
Phaeospirillum_molischianum,5.407734335186182e-05
Cutthroat_trout_virus,5.378627162675136e-05
Lactobacillus_brevis,5.374086420068172e-05
Bat_picornavirus_2,5.3714909883880596e-05
Archaeoglobus_veneficus,5.328518902680585e-05
Desulfococcus_oleovorans,5.301249870894375e-05
Streptococcus_macacae,5.297819712153363e-05
gamma_proteobacterium_HdN1,5.2842982476037435e-05
Equine_pegivirus_1,5.284129076294307e-05
Bartonella_henselae,5.2780259223319235e-05
Candidatus_Cloacimonas_acidaminovorans,5.246237910331156e-05
Squash_mosaic_virus,5.2443523722273115e-05
Desulfovibrio_salexigens,5.226913846093691e-05
Crinalium_epipsammum,5.2265473075352426e-05
Natrinema_altunense,5.203187547801626e-05
Meiothermus_unclassified,5.19196354632074e-05
Cryphonectria_parasitica_mitovirus_1_NB631,5.171355779039402e-05
Corynebacterium_variabile,5.1647872219027515e-05
Serratia_proteamaculans,5.161406821603651e-05
Idiomarina_baltica,5.1518876716866765e-05
Eubacteriaceae_bacterium_ACC19a,5.150949436347493e-05
Bat_coronavirus_1A,5.1372198457499175e-05
Sporolactobacillus_vineae,5.0880490704263695e-05
Syntrophobacter_fumaroxidans,5.0827245835041485e-05
Rahnella_unclassified,5.042580056458111e-05
Haloferax_mediterranei,5.032298282278978e-05
Euprosterna_elaeasa_virus,5.026776690656541e-05
Methanosaeta_thermophila,5.022542009021505e-05
Methanohalophilus_mahii,5.019732899367614e-05
Trichomonas_vaginalis_virus,5.016380562896673e-05
Corynebacterium_diphtheriae,5.012502093395284e-05
Nitrosomonas_europaea,5.00079122688577e-05
Campylobacter_jejuni,4.995872999176059e-05
Dragonfly_associated_alphasatellite,4.9616741605352256e-05
Gluconobacter_morbifer,4.9408864268483046e-05
Rhodococcus_erythropolis,4.940265007533992e-05
Bacillus_toyonensis,4.936834185393982e-05
Lactobacillus_equicursoris,4.936631130024815e-05
Porphyromonas_catoniae,4.9224963782940765e-05
Beet_chlorosis_virus,4.896349496453422e-05
delta_proteobacterium_NaphS2,4.857581835046872e-05
Shewanella_frigidimarina,4.8519977651628125e-05
Bartonella_tribocorum,4.849811970960443e-05
Cyclobacterium_marinum,4.8305712624238115e-05
Cyclovirus_PKgoat21_PAK_2009,4.820202690561727e-05
Aminomonas_paucivorans,4.819334698158603e-05
Treponema_pedis,4.817679404620508e-05
Bartonella_melophagi,4.802614508021093e-05
Arcobacter_butzleri,4.7908408663557377e-05
Sphingomonas_phyllosphaerae,4.787939265863192e-05
Desulfobacter_postgatei,4.787590293538944e-05
Methanomassiliicoccus_luminyensis,4.766984623562678e-05
Thioalkalivibrio_nitratireducens,4.7639415711697266e-05
Prevotella_melaninogenica,4.7597616069506294e-05
Alteromonas_unclassified,4.756521386329244e-05
Smaragdicoccus_niigatensis,4.735771573169879e-05
Streptomyces_gancidicus,4.727500081318742e-05
Serinicoccus_profundi,4.7015821016964005e-05
Lactobacillus_ingluviei,4.683219798199192e-05
Methanobacterium_unclassified,4.631409379802932e-05
Tamana_bat_virus,4.62446361186854e-05
Vibrio_halioticoli,4.594585302411511e-05
Saccharomyces_20S_RNA_narnavirus,4.591960326175476e-05
Thiomonas_unclassified,4.5671319841274265e-05
Nafulsella_turpanensis,4.5649455819001016e-05
Serinicoccus_marinus,4.549965377021351e-05
Methanobrevibacter_ruminantium,4.531635278224685e-05
Peptoniphilus_duerdenii,4.516119326400856e-05
Pseudoalteromonas_flavipulchra,4.502235541356859e-05
Alicyclobacillus_acidoterrestris,4.499757806433649e-05
Dokdonia_donghaensis,4.489129525772353e-05
Vibrio_albensis,4.487438902490328e-05
Alicyclobacillus_acidocaldarius,4.477342785587995e-05
Persea_americana_endornavirus,4.4740558898593674e-05
Erysipelothrix_rhusiopathiae,4.473885648353138e-05
Streptomyces_acidiscabies,4.472290282548764e-05
Enterococcus_dispar,4.438104601879165e-05
Patulibacter_americanus,4.40554844721505e-05
Corynebacterium_bovis,4.3922914728562756e-05
Oscillatoriales_cyanobacterium_JSC_12,4.3308987451370725e-05
Yarrowia_lipolytica,4.307861419498054e-05
Mycoplasma_leachii,4.3033775452714756e-05
Bovine_herpesvirus_5,4.2549816887683855e-05
Mycobacterium_chubuense,4.25346306054413e-05
Reyranella_massiliensis,4.25019949189602e-05
Lactobacillus_sanfranciscensis,4.230813180524775e-05
Candidatus_Solibacter_usitatus,4.2225610448984916e-05
Roseiflexus_castenholzii,4.216190186704162e-05
Borrelia_turicatae,4.210766087003149e-05
Coconut_foliar_decay_virus,4.187121064279873e-05
Saccharomyces_cerevisiae_virus_L_A,4.184449639524861e-05
Laribacter_hongkongensis,4.177829926184379e-05
Valsa_ceratosperma_hypovirus_1,4.163125198466448e-05
Eremothecium_gossypii,4.1536640589376164e-05
gamma_proteobacterium_SCGC_AAA001_B15,4.143512638009423e-05
Cesiribacter_andamanensis,4.120273562635574e-05
Candidatus_Desulforudis_audaxviator,4.1198590191271933e-05
Novosphingobium_nitrogenifigens,4.1117546837876514e-05
Xanthomonas_alfalfae,4.107258541742322e-05
Brevibacterium_massiliense,4.0801220220403576e-05
Rhizobium_etli,4.073233340767481e-05
Marinitoga_piezophila,4.0560098540141654e-05
Actinobacillus_suis,4.053715357412521e-05
Aspergillus_terreus,4.036604695549662e-05
Candidatus_Ruthia_magnifica,4.029201876811445e-05
Flavobacterium_columnare,3.975236832612823e-05
Bacillus_halodurans,3.96701867331353e-05
Rhodanobacter_thiooxydans,3.965399281868373e-05
Desulfitobacterium_dichloroeliminans,3.9487253415792274e-05
Torque_teno_canis_virus,3.945252192671454e-05
Rubrivivax_gelatinosus,3.9318170474522755e-05
Streptomyces_scabrisporus,3.931428054816183e-05
Erwinia_tasmaniensis,3.928831342014674e-05
Eremothecium_unclassified,3.918750804635284e-05
Pseudomonas_syringae,3.89636355626787e-05
Helicobacter_acinonychis,3.885767511012859e-05
Chlorobium_limicola,3.879962646120907e-05
Meyerozyma_guilliermondii,3.8748809843770815e-05
Micromonospora_aurantiaca,3.869148255305934e-05
Anaerobaculum_hydrogeniformans,3.8609077605845316e-05
Rosellinia_necatrix_victorivirus_1,3.858042889128007e-05
Myroides_injenensis,3.853790022059458e-05
Lachnoanaerobaculum_saburreum,3.840926376639777e-05
Pseudogulbenkiania_unclassified,3.8183435090348044e-05
Candidatus_Microgenomatus_auricola,3.793259604030054e-05
Paenibacillus_lactis,3.785011957109371e-05
Methylobacter_unclassified,3.7601792846334614e-05
Mycoplasma_conjunctivae,3.744638134216578e-05
Vanderwaltozyma_polyspora,3.732910796738468e-05
Schizot4likevirus_unclassified,3.7321671951462345e-05
Feline_leukemia_virus,3.7315970535197596e-05
Listeria_grayi,3.7271983789376545e-05
Coprobacillus_sp_29_1,3.726751488710769e-05
Bifidobacterium_asteroides,3.720377803548649e-05
Alkaliphilus_metalliredigens,3.710570169430063e-05
Pelosinus_unclassified,3.710243565620828e-05
Southern_tomato_virus,3.688201944022137e-05
Cyclobacterium_qasimii,3.681063457714123e-05
Thermoanaerobacter_ethanolicus,3.675172062978963e-05
Thermodesulfatator_atlanticus,3.668059869423195e-05
Phaeobacter_unclassified,3.6624559313817904e-05
Leptotrichia_shahii,3.6412152275339835e-05
Alloprevotella_rava,3.639107382753356e-05
Naegleria_gruberi,3.636655790604792e-05
Moritella_dasanensis,3.616631217435726e-05
Herminiimonas_arsenicoxydans,3.604554710687197e-05
Chaetomium_globosum,3.602493009179571e-05
Porcine_circovirus_1,3.5929709490252574e-05
Cronobacter_universalis,3.5815246963444204e-05
Pteronotus_polyomavirus,3.576242842162752e-05
Shewanella_woodyi,3.569727107322508e-05
Chlamydophila_abortus,3.555810693542546e-05
Orientia_tsutsugamushi,3.553492817454159e-05
Helicobacter_suis,3.551226003402587e-05
Saccharibacter_floricola,3.5132201589396755e-05
Desulfobacterium_autotrophicum,3.5000959965247807e-05
Pseudomonas_pelagia,3.499734682008275e-05
Lactobacillus_iners,3.493505647003766e-05
Proteus_unclassified,3.488182852687334e-05
Fervidicoccus_fontis,3.485963854141837e-05
Cyclovirus_PKgoat11_PAK_2009,3.466142342937075e-05
Holospora_unclassified,3.458999650757974e-05
Lactobacillus_fructivorans,3.450405943290794e-05
Syntrophothermus_lipocalidus,3.448558519615636e-05
Nocardiopsis_prasina,3.4382971217007944e-05
Clostridium_glycolicum,3.422937599754286e-05
Halomonas_lutea,3.417620935882599e-05
Lactobacillus_saerimneri,3.414807090889212e-05
Catonella_morbi,3.38305614872919e-05
Rhodococcus_imtechensis,3.3818758717049115e-05
Salisaeta_longa,3.3782207169444004e-05
Beutenbergia_cavernae,3.3673249357071186e-05
Strawberry_mottle_virus,3.365743811739136e-05
Corynebacterium_lipophiloflavum,3.3610096968601116e-05
Alistipes_sp_HGB5,3.360235950673675e-05
Microlunatus_phosphovorus,3.359575212794817e-05
Acetivibrio_cellulolyticus,3.3452013978876756e-05
Vicia_faba_endornavirus,3.3301629112201954e-05
Gordonia_soli,3.322787669820159e-05
Desulfotomaculum_carboxydivorans,3.3043309659644906e-05
Rhizobium_phaseoli,3.2991458611286476e-05
Ruminococcus_sp,3.2699596333850294e-05
Natrialba_asiatica,3.258267562700412e-05
Eubacterium_plexicaudatum,3.24269693138361e-05
Hydrocarboniphaga_effusa,3.2383806307762255e-05
Methylophaga_lonarensis,3.234400863731201e-05
SAR324_cluster_bacterium_SCGC_AAA001_C10,3.2303622616177106e-05
Chlorobaculum_parvum,3.2164028595654096e-05
Butyrivibrio_fibrisolvens,3.16921376221072e-05
Stenotrophomonas_unclassified,3.168644169596776e-05
Crenarchaeota_archaeon_SCGC_AAA471_O08,3.11752710571405e-05
Polynucleobacter_necessarius,3.103410295091668e-05
Cyanobacterium_unclassified,3.044150971901043e-05
Sporichthya_polymorpha,3.0296629782185257e-05
Planococcus_halocryophilus,3.006539388339656e-05
Pediococcus_lolii,2.9604460196655858e-05
Mobiluncus_unclassified,2.95604065516869e-05
Flavobacteriaceae_bacterium_S85,2.9541356836792378e-05
Xanthomonas_fuscans,2.948075057324559e-05
Clostridium_stercorarium,2.9114284055514224e-05
Streptomyces_scabiei,2.8979470243922762e-05
Xanthomonas_hortorum,2.8931757721901036e-05
Vibrio_sp_Ex25,2.8902481313450117e-05
Acinetobacter_baumannii,2.88695994176984e-05
Acinetobacter_oleivorans,2.882641831493528e-05
Methylovulum_miyakonense,2.8755539211500504e-05
Aspergillus_flavus,2.8699601865329633e-05
Streptomyces_albus,2.804895702377824e-05
Arcanobacterium_haemolyticum,2.7774053205497867e-05
Chitiniphilus_shinanonensis,2.763137073380192e-05
Selenomonas_sputigena,2.7530770250628367e-05
Prevotella_dentalis,2.75158818922787e-05
Magnaporthe_oryzae,2.7437576403841413e-05
Xanthomonas_citri,2.7213853113680504e-05
Marichromatium_purpuratum,2.7199927432388667e-05
Halorubrum_coriense,2.7158103592571563e-05
Brachyspira_murdochii,2.6694645155638746e-05
Zymoseptoria_tritici,2.6034754374043588e-05
Corynebacterium_terpenotabidum,2.599937442071785e-05
Brucella_inopinata,2.5810392102096734e-05
Rhodospirillum_unclassified,2.5785077234113905e-05
Haemophilus_influenzae,2.5732471663088527e-05
Rhodococcus_rhodnii,2.5493305658031534e-05
Alcaligenes_faecalis,2.5424221206193814e-05
Neospora_caninum,2.4859447250599203e-05
Corynebacterium_propinquum,2.4661847965966256e-05
Desulfobacter_curvatus,2.4173953164652882e-05
Citromicrobium_bathyomarinum,2.3802057282096628e-05
Marinobacter_algicola,2.3608162293169143e-05
Arcobacter_nitrofigilis,2.325735789918928e-05
Black_raspberry_necrosis_virus,2.2922908798294e-05
Rodent_pegivirus,2.2547411786575304e-05
Prevotella_bryantii,2.2492976641369604e-05
gamma_proteobacterium_IMCC2047,2.2462616889443888e-05
Thalassospira_xiamenensis,2.238996632494466e-05
Mesorhizobium_alhagi,2.220327400847159e-05
Oscillatoria_nigro_viridis,2.2090126042364687e-05
Thermosinus_carboxydivorans,2.2086200419152887e-05
Flavobacterium_rivuli,2.2063170644447793e-05
Bartonella_doshiae,2.157085019907626e-05
Clostridium_beijerinckii,2.1230760446665973e-05
Neisseria_lactamica,2.1149103018849616e-05
Prevotella_veroralis,2.1100330565088365e-05
Rhizobium_tropici,2.106737947810099e-05
Salmon_pancreas_disease_virus,2.0972887695491335e-05
Corynebacterium_massiliense,2.094920798189852e-05
Collinsella_stercoris,2.0825969761763894e-05
Spirochaeta_africana,2.0757134342489367e-05
Candidatus_Midichloria_mitochondrii,2.063807551773488e-05
Perlucidibaca_piscinae,2.062142533329932e-05
actinobacterium_SCGC_AAA027_J17,2.0457704725279208e-05
Bacteroides_helcogenes,2.039976878555619e-05
Paenibacillus_alvei,2.027033311391078e-05
Aeropyrum_pernix,2.0268880093251704e-05
Archaeoglobus_profundus,2.0244302598713927e-05
Weeksella_virosa,1.9853862198235504e-05
Serratia_plymuthica,1.9715237142604595e-05
Oceanibaculum_indicum,1.95651498865993e-05
Streptomyces_davawensis,1.953600591366685e-05
Methanospirillum_hungatei,1.9341307732968533e-05
Marine_Group_III_euryarchaeote_SCGC_AAA288_E19,1.924017738266834e-05
Pseudoalteromonas_tunicata,1.9224623688471695e-05
Clostridium_bifermentans,1.907742982602493e-05
Halorhodospira_halophila,1.8968669677320696e-05
Schizosaccharomyces_pombe,1.8968526605504525e-05
Corynebacterium_striatum,1.883484739389778e-05
Pseudomonas_mosselii,1.8568628578473064e-05
Gordonia_sihwensis,1.822244584516931e-05
Succinispira_mobilis,1.819071048638858e-05
Verticillium_alfalfae,1.793611626485624e-05
Ornithinibacillus_scapharcae,1.772211114150408e-05
Enterovibrio_calviensis,1.7666460818649996e-05
Nitrosospira_unclassified,1.7499982373083413e-05
Curtobacterium_unclassified,1.7464436115825616e-05
Fischerella_muscicola,1.7302945078543478e-05
Clavispora_lusitaniae,1.7076116822895677e-05
Chlamydia_psittaci,1.681039036847614e-05
Myceliophthora_thermophila,1.6656160600459832e-05
Cherry_leaf_roll_virus,1.6550833237626126e-05
Rhodopirellula_sallentina,1.6431878614628717e-05
Metallosphaera_yellowstonensis,1.6410220801212936e-05
Fangia_hongkongensis,1.6261560313748814e-05
Pseudomonas_amygdali,1.6077403672374673e-05
Alcanivorax_borkumensis,1.6039284952765966e-05
Sulfolobus_islandicus,1.588978776433181e-05
Verrucomicrobia_bacterium_SCGC_AAA300_K03,1.5646342310904674e-05
Propionimicrobium_lymphophilum,1.554573883127423e-05
Rice_tungro_spherical_virus,1.5500172033926195e-05
Corynebacterium_glutamicum,1.5442857358052465e-05
Rudaea_cellulosilytica,1.5124227051155264e-05
Bacteroides_gallinarum,1.4909727647713209e-05
Tomato_ringspot_virus,1.4876914370324082e-05
Bacillus_pseudofirmus,1.4737798583956289e-05
Thermoanaerobacter_thermohydrosulfuricus,1.4332560534159496e-05
Enterococcus_malodoratus,1.4295025435963234e-05
Actinopolyspora_mortivallis,1.4090013367220795e-05
Solitalea_canadensis,1.400414274073749e-05
Providencia_burhodogranariea,1.322716086595918e-05
Pseudorhodobacter_ferrugineus,1.3221781010269748e-05
Aspergillus_niger,1.3217242103534592e-05
Natronolimnobius_innermongolicus,1.3114324041343183e-05
Actinomyces_sp_ICM47,1.3086052639216587e-05
Methylobacterium_populi,1.3011305743413756e-05
Human_parechovirus,1.2958308855788797e-05
Rickettsia_parkeri,1.2903385382970151e-05
Jonquetella_anthropi,1.2902901709137951e-05
Lewinella_cohaerens,1.2858180915992509e-05
Clostridium_sordellii,1.2672592254958568e-05
Anaplasma_centrale,1.2646191147090486e-05
Seneca_valley_virus,1.2641948210603666e-05
Cherry_virus_A,1.2555582410632186e-05
Kurthia_unclassified,1.2539437648884284e-05
Lactobacillus_amylovorus,1.230135418077787e-05
I3likevirus_unclassified,1.2123286173626777e-05
Marinobacter_manganoxydans,1.2033587620557527e-05
Slow_bee_paralysis_virus,1.1968866641661824e-05
Anaeroglobus_geminatus,1.1859277028484397e-05
Phenylobacterium_zucineum,1.1847620621985837e-05
Flavobacteria_bacterium_MS024_2A,1.1836609616903043e-05
Planctomyces_limnophilus,1.176777639189988e-05
Lactobacillus_coleohominis,1.1723399467098356e-05
Lamprocystis_purpurea,1.1638117352607645e-05
Lactobacillus_johnsonii,1.1519836816021405e-05
Bifidobacterium_thermophilum,1.1454567962107306e-05
Achromobacter_xylosoxidans,1.1343804526950471e-05
Kluyveromyces_lactis,1.1334868651758507e-05
Thauera_aminoaromatica,1.1121736864469387e-05
Rheinheimera_perlucida,1.0993802118130664e-05
Simonsiella_muelleri,1.0958518164022278e-05
Longispora_albida,1.0860357985365092e-05
Gremmeniella_abietina_type_B_RNA_virus_XL,1.053096855926771e-05
Haloarcula_japonica,1.0530569964942065e-05
Chlamydia_muridarum,1.0245122521540537e-05
Thermosipho_unclassified,1.0154739638602193e-05
Owenweeksia_hongkongensis,9.998431996603193e-06
Thermocrinis_albus,9.821522135877147e-06
Kosmotoga_olearia,9.6064576767676e-06
Erwinia_phage_phiEa21_4,9.334989861283365e-06
Prevotella_amnii,9.244592580406663e-06
Talaromyces_marneffei,9.174691605751273e-06
Halopiger_xanaduensis,9.163183921625537e-06
Rudanella_lutea,8.8148412964148e-06
Dysgonomonas_mossii,8.734136859971738e-06
Sphaerochaeta_pleomorpha,8.588622754825223e-06
Pseudanabaena_unclassified,8.487135287063999e-06
Elizabethkingia_anophelis,8.471770786577918e-06
Chromobacterium_unclassified,8.114735635534348e-06
Corynebacterium_aurimucosum,8.042601768756863e-06
Pedosphaera_parvula,8.034030742036629e-06
Labidocera_aestiva_circovirus,7.952413371639137e-06
Bhargavaea_cecembensis,7.406526871675626e-06
Acetonema_longum,7.317480501412616e-06
Calditerrivibrio_nitroreducens,6.98953039669943e-06
Nocardiopsis_halophila,6.9633837526183675e-06
Candidatus_Mycoplasma_haemolamae,6.853711809932971e-06
candidate_division_TM7_genomosp_GTL1,6.826310787990449e-06
Actinomyces_vaccimaxillae,6.696523560774555e-06
Streptomyces_purpureus,6.486390777257538e-06
Arhodomonas_aquaeolei,6.441991341300452e-06
Achromobacter_piechaudii,6.2193676611191416e-06
Ranavirus_unclassified,6.034375436315617e-06
Anaerococcus_hydrogenalis,5.598561015215812e-06
Pectobacterium_wasabiae,5.403368989454595e-06
Brevibacillus_brevis,5.3296878269051916e-06
Hirschia_maritima,5.163342103786921e-06
Desulfobulbus_sp_oral_taxon_041,5.030784677019726e-06
Erwinia_tracheiphila,4.476538749397395e-06
Methanosarcina_mazei,4.44238186872338e-06
Bacteroides_pyogenes,4.3707408930760995e-06
Wolbachia_endosymbiont_of_Drosophila_melanogaster,4.271480353593154e-06
Aquifex_aeolicus,4.189230985439976e-06
gamma_proteobacterium_IMCC1989,3.6365362224952065e-06
Satsuma_dwarf_virus,3.5688006270474998e-06
Desulfovibrio_longus,3.567244587887913e-06
Cryphonectria_hypovirus_3,3.5530784769410474e-06
Methylohalobius_crimeensis,3.5432571857237092e-06
Natronococcus_amylolyticus,3.493643194388906e-06
Phaeodactylum_tricornutum,3.4820364843915207e-06
Sulfurihydrogenibium_yellowstonense,3.4631986893352975e-06
Spiroplasma_diminutum,3.4599849140641213e-06
Variovorax_unclassified,3.2896975016375297e-06
Pyrolobus_fumarii,3.2537867285313067e-06
Salsuginibacillus_kocurii,3.24259178030058e-06
Candidatus_Baumannia_cicadellinicola,3.23679554436373e-06
SAR86_cluster_bacterium_SAR86E,3.1853141950918486e-06
Clostridium_sticklandii,3.1745336249124004e-06
Sphingobium_chlorophenolicum,3.1171289390923205e-06
Blattabacterium_unclassified,3.092892306696548e-06
Alcanivorax_hongdengensis,3.0656872011599746e-06
Haloterrigena_salina,2.983983693262977e-06
Yersinia_pestis,2.9699115481836983e-06
Treponema_caldaria,2.9687134761148892e-06
Imtechella_halotolerans,2.9660149253349913e-06
Anabaena_variabilis,2.919865382716719e-06
Corynebacterium_lubricantis,2.9194854099453185e-06
Methanotorris_formicicus,2.850136978099384e-06
Thermoanaerobacter_mathranii,2.820000054838559e-06
Pasteurella_multocida,2.804332055364766e-06
Roseomonas_unclassified,2.74158940650653e-06
Pelotomaculum_thermopropionicum,2.7069435395004516e-06
Jonquetella_unclassified,2.691938700531286e-06
Piscirickettsia_salmonis,2.6750203278904327e-06
Marinobacter_adhaerens,2.5467426530069954e-06
Dictyostelium_unclassified,2.5199936660666193e-06
Borrelia_recurrentis,2.475320831681442e-06
Sphingobium_yanoikuyae,2.4557717772708513e-06
Saccharomonospora_cyanea,2.415256800255318e-06
Clitocybe_odora_virus,2.414070890885685e-06
Bacillus_weihenstephanensis,2.4013802445156435e-06
Desulfurispora_thermophila,2.291824347620649e-06
Pediococcus_acidilactici,2.2736538155592952e-06
Lysinibacillus_sphaericus,2.2249544669524035e-06
Corynebacterium_pilosum,2.2227688648812123e-06
Chlamydia_pecorum,2.212333505651429e-06
Azospira_oryzae,2.2035659514082388e-06
Duck_astrovirus_GII_A,2.1924714907423095e-06
Arenimonas_oryziterrae,2.1568778554944986e-06
Turneriella_parva,2.067313492378017e-06
Coprothermobacter_platensis,2.0525723995733308e-06
Robiginitalea_biformata,2.040143353542935e-06
Candida_albicans,1.9630075573050978e-06
Prevotella_bergensis,1.816383139689968e-06
Bacillus_cereus_thuringiensis,1.7348963300728924e-06
Leuconostoc_lactis,1.6862945309238537e-06
Mycobacterium_avium,1.4892249074376305e-06
Nocardiopsis_valliformis,8.748645033152545e-07
Niastella_koreensis,8.543554590617823e-07
Haliscomenobacter_hydrossis,7.71212316722843e-07
Lactococcus_phage_phi7,7.390322561766089e-07
Corynebacterium_tuberculostearicum,5.932119549297045e-07
Corynebacterium_callunae,3.4706993120984634e-07
Lactococcus_phage_jm2,7.485598828873179e-08
Ammonifex_degensii,7.407618385683763e-18
Vitreoscilla_stercoraria,6.972490243579126e-18
Leporipoxvirus_unclassified,6.657334053653196e-18
Lewinella_persica,4.637129232370372e-18
Neisseria_cinerea,3.2951434176256997e-18
Rodent_hepacivirus,2.664847255278239e-18
Acinetobacter_haemolyticus,2.5360482127683042e-18
Eubacteriaceae_bacterium_CM2,1.3413130613488484e-18
Fibrella_aestuarina,7.367875606252529e-19
Desulfuromonas_acetoxidans,3.1047215199168287e-19
Rickettsia_prowazekii,2.338069472114406e-19
Sulfuricurvum_kujiense,2.1517904720909445e-19
Vibrio_tasmaniensis,1.825328672473398e-19
Natronorubrum_tibetense,1.7820861167848449e-19
Dehalococcoides_mccartyi,1.6685374887204441e-19
Acidithiobacillus_caldus,1.5674754551654938e-19
Mobiluncus_mulieris,1.3847720832529387e-19
Anaerococcus_prevotii,1.371541984786887e-19
Spiroplasma_chrysopicola,1.3550256830242433e-19
Plasmodium_vivax,1.0839056406607088e-19
Streptomyces_griseus,1.0765524730198721e-19
Talaromyces_stipitatus,9.898844722310866e-20
Halomonas_elongata,9.440390135041709e-20
Chloroflexus_aggregans,9.03726008101198e-20
Marine_Group_II_euryarchaeote_SCGC_AB_629_J06,7.655841995156283e-20
Toxoplasma_gondii,7.270764286524445e-20
Sagittula_stellata,7.213495034227188e-20
Actinomyces_urogenitalis,6.040263335899574e-20
Mastigocladopsis_repens,0.0
Chlorogloeopsis_fritschii,0.0
Lactobacillus_zeae,0.0
Mushroom_bacilliform_virus,0.0
Poinsettia_mosaic_virus,0.0
Citrus_sudden_death_associated_virus,0.0
Flavobacteria_bacterium_MS024_3C,0.0
Latino_virus,0.0
Bacillus_mojavensis,0.0
Cymbidium_ringspot_virus_satellite_RNA,0.0
Bamboo_mosaic_virus_satellite_RNA,0.0
Bacillus_cytotoxicus,0.0
Theilovirus,0.0
Encephalomyocarditis_virus,0.0
Lactobacillus_oris,0.0
Shewanella_benthica,0.0
Candidatus_Blochmannia_vafer,0.0
Carnobacterium_maltaromaticum,0.0
Haemophilus_aegyptius,0.0
secondary_endosymbiont_of_Ctenarytaina_eucalypti,0.0
Candidatus_Phytoplasma_australiense,0.0
Mycoplasma_parvum,0.0
Bacillus_vallismortis,0.0
Lactobacillus_kisonensis,0.0
Staphylococcus_pasteuri,0.0
Yersinia_rohdei,0.0
Campylobacter_rectus,0.0
Yersinia_frederiksenii,0.0
Tobacco_mild_green_mosaic_virus,0.0
Prevotella_salivae,0.0
Rickettsia_bellii,0.0
Cucumber_green_mottle_mosaic_virus,0.0
Candidatus_Liberibacter_solanacearum,0.0
alpha_proteobacterium_SCGC_AAA024_N17,0.0
Grapevine_vein_clearing_virus,0.0
Candidatus_Pelagibacter_unclassified,0.0
Leptospira_interrogans,0.0
Bacillus_alcalophilus,0.0
Coleofasciculus_chthonoplastes,0.0
Acinetobacter_tjernbergiae,0.0
Methanocaldococcus_fervens,0.0
Streptococcus_downei,0.0
Leuconostoc_gasicomitatum,0.0
Spiribacter_unclassified,0.0
Leuconostoc_phage_P793,0.0
Marine_Group_I_thaumarchaeote_SCGC_AB_629_A13,0.0
Staphylococcus_lugdunensis,0.0
Acinetobacter_gerneri,0.0
Leuconostoc_kimchii,0.0
Coniothyrium_minitans_RNA_virus,0.0
Mycoplasma_suis,0.0
Staphylococcus_vitulinus,0.0
Imperata_yellow_mottle_virus,0.0
Moraxella_boevrei,0.0
Acinetobacter_towneri,0.0
Bacillus_pseudomycoides,0.0
Yersinia_aldovae,0.0
Candidatus_Rickettsia_amblyommii,0.0
Urochloa_streak_virus,0.0
Streptococcus_ictaluri,0.0
Rotavirus_G,0.0
Porcine_epidemic_diarrhea_virus,0.0
Torque_teno_mini_virus_2,0.0
Black_raspberry_virus_F,0.0
Sandfly_fever_Naples_virus,0.0
Streptococcus_ovis,0.0
Chaetoceros_lorenzianus_DNA_Virus,0.0
Gracilibacillus_lacisalsi,0.0
Neisseria_polysaccharea,0.0
Clostridium_saccharobutylicum,0.0
Blueberry_shock_virus,0.0
Bartonella_bacilliformis,0.0
Spiroplasma_kunkelii_virus_SkV1_CR2_3x,0.0
Glaciecola_agarilytica,0.0
Aggregatibacter_actinomycetemcomitans,0.0
Erwinia_amylovora,0.0
Tioman_virus,0.0
Strawberry_latent_ringspot_virus,0.0
Fischerella_thermalis,0.0
Nanoarchaeum_equitans,0.0
Broad_bean_mottle_virus,0.0
Ralstonia_unclassified,0.0
Diplorickettsia_massiliensis,0.0
Helicobacter_cetorum,0.0
Tobacco_streak_virus,0.0
Polyomavirus_HPyV6,0.0
Raphidiopsis_brookii,0.0
Raphanus_sativus_cryptic_virus_2,0.0
Chaerephon_polyomavirus_1,0.0
Nipah_virus,0.0
Triticum_mosaic_virus,0.0
Mouse_mammary_tumor_virus,0.0
actinobacterium_SCGC_AAA028_A23,0.0
Eidolon_helvum_parvovirus_1,0.0
Ophiostoma_mitovirus_5,0.0
Photorhabdus_luminescens,0.0
Periplaneta_fuliginosa_densovirus,0.0
Marine_RNA_virus_JP_B,0.0
Caldanaerobacter_subterraneus,0.0
Astrovirus_wild_boar_WBAstV_1_2011_HUN,0.0
actinobacterium_SCGC_AAA023_D18,0.0
Alphanecrovirus_unclassified,0.0
Honeysuckle_ringspot_virus,0.0
Salmonella_phage_SPN19,0.0
Corchorus_yellow_vein_virus,0.0
Squash_yellow_mild_mottle_virus,0.0
Candidatus_Burkholderia_kirkii,0.0
Paenibacillus_popilliae,0.0
Cucurbit_leaf_crumple_virus,0.0
Actinobacillus_capsulatus,0.0
Pseudomonas_phage_NH_4,0.0
Alternanthera_yellow_vein_betasatellite,0.0
Edwardsiella_ictaluri,0.0
Grapevine_Syrah_virus_1,0.0
Tobacco_mosaic_virus,0.0
Groundnut_ringspot_and_Tomato_chlorotic_spot_virus_reassortant,0.0
Cebus_albifrons_polyomavirus_1,0.0
Actinomyces_sp_HPA0247,0.0
Vernonia_yellow_vein_Fujian_virus_betasatellite,0.0
Pseudomonas_phage_PP7,0.0
Eupatorium_yellow_vein_betasatellite,0.0
JC_polyomavirus,0.0
Human_papillomavirus_type_144,0.0
Australian_bat_lyssavirus,0.0
Circovirus_like_genome_RW_B,0.0
Apple_stem_grooving_virus,0.0
Frangipani_mosaic_virus,0.0
Leuconostoc_fallax,0.0
Arthrospira_platensis,0.0
Human_polyomavirus_12,0.0
Angelonia_flower_break_virus,0.0
Enterobacteria_phage_C_1_INW_2012,0.0
Blackcurrant_reversion_virus,0.0
Ehrlichia_canis,0.0
Marine_RNA_virus_SOG,0.0
Acinetobacter_tandoii,0.0
Porphyromonas_crevioricanis,0.0
Acinetobacter_gyllenbergii,0.0
Dill_cryptic_virus_1,0.0
Bacillus_anthracis,0.0
Glaciecola_mesophila,0.0
Pseudonocardia_unclassified,0.0
Aleutian_mink_disease_virus,0.0
Grapevine_virus_E,0.0
Mycoplasma_canis,0.0
Rice_dwarf_virus,0.0
Zucchini_yellow_mosaic_virus,0.0
Simian_virus_40,0.0
Human_adenovirus_E,0.0
Acinetobacter_guillouiae,0.0
Salmonella_unclassified,0.0
Natronorubrum_unclassified,0.0
Broad_bean_true_mosaic_virus,0.0
Fervidobacterium_unclassified,0.0
Soybean_dwarf_virus,0.0
Oliveros_virus,0.0
Torque_teno_virus_3,0.0
Alicyclobacillus_unclassified,0.0
Dictyoglomus_unclassified,0.0
Hardenbergia_virus_A,0.0
Adeno_associated_virus_3,0.0
Fujinami_sarcoma_virus,0.0
Phaeospirillum_unclassified,0.0
Bovine_adeno_associated_virus,0.0
Thermococcus_unclassified,0.0
Steller_sea_lion_vesivirus,0.0
Sphaerochaeta_unclassified,0.0
Ophiostoma_mitovirus_6,0.0
Cyclobacterium_unclassified,0.0
Methylophaga_unclassified,0.0
Murine_polyomavirus,0.0
Halorubrum_pleomorphic_virus_6,0.0
Dyadobacter_unclassified,0.0
Merkel_cell_polyomavirus,0.0
Beet_black_scorch_virus_satellite_RNA,0.0
Tomato_blistering_mosaic_virus,0.0
Torque_teno_virus_19,0.0
Basella_rugose_mosaic_virus,0.0
Rheinheimera_unclassified,0.0
Torque_teno_virus_16,0.0
Talaromyces_unclassified,0.0
Chickpea_chlorosis_virus,0.0
Sweet_potato_mild_mottle_virus,0.0
Plum_pox_virus,0.0
Halovivax_unclassified,0.0
Clostridium_sp_M62_1,0.0
Synechococcus_phage_S_RIM8,0.0
Mycobacterium_phage_Faith1,0.0
Cryptosporidium_unclassified,0.0
Microviridae_noname_unclassified,0.0
Royal_Farm_virus,0.0
Candidatus_Phytoplasma_unclassified,0.0
Melegrivirus_A,0.0
Sathuperi_virus,0.0
Solenopsis_invicta_virus_1,0.0
Kangiella_unclassified,0.0
Primate_T_lymphotropic_virus_2,0.0
Botrytis_porri_RNA_virus_1,0.0
Spirosoma_unclassified,0.0
Montana_myotis_leukoencephalitis_virus,0.0
Geminiviridae_noname_unclassified,0.0
Thiothrix_unclassified,0.0
Alishewanella_unclassified,0.0
Afipia_unclassified,0.0
Candidatus_Liberibacter_unclassified,0.0
Sulfobacillus_unclassified,0.0
Sphingopyxis_unclassified,0.0
Halobiforma_unclassified,0.0
Methanosarcina_unclassified,0.0
Dobrava_Belgrade_virus,0.0
Haloterrigena_unclassified,0.0
Torque_teno_mini_virus_9,0.0
Human_erythrovirus_V9,0.0
Shewanella_denitrificans,0.0
Dietzia_unclassified,0.0
Fusarium_poae_virus_1,0.0
Methanoculleus_unclassified,0.0
Radish_mosaic_virus,0.0
Natrialba_unclassified,0.0
Planococcus_unclassified,0.0
Erwinia_unclassified,0.0
Kribbella_unclassified,0.0
Rosellinia_necatrix_partitivirus_2,0.0
Halomicrobium_unclassified,0.0
Discula_destructiva_virus_1,0.0
Rhodobacteraceae_noname_unclassified,0.0
Verminephrobacter_unclassified,0.0
Feline_picornavirus,0.0
Salinicoccus_unclassified,0.0
Porcine_sapelovirus,0.0
Turdivirus_2,0.0
Rhodopseudomonas_unclassified,0.0
Leptospira_alexanderi,0.0
Tomato_marchitez_virus,0.0
Dictyoglomus_thermophilum,0.0
Mesotoga_unclassified,0.0
Eidolon_polyomavirus_1,0.0
Leuconostoc_gelidum,0.0
Goose_hemorrhagic_polyomavirus,0.0
Clostridium_tunisiense,0.0
Lactobacillus_pasteurii,0.0
Desulfitobacterium_unclassified,0.0
Acinetobacter_bereziniae,0.0
Melissococcus_plutonius,0.0
Grapevine_berry_inner_necrosis_virus,0.0
Leptospira_broomii,0.0
Streptobacillus_moniliformis,0.0
Clostridium_sartagoforme,0.0
Propionibacterium_phage_P100_1,0.0
Streptococcus_pseudopneumoniae,0.0
Caulobacter_unclassified,0.0
Cocksfoot_streak_virus,0.0
Campylobacter_coli,0.0
Dictyostelium_discoideum,0.0
Wolbachia_endosymbiont_of_Diaphorina_citri,0.0
Methanocaldococcus_villosus,0.0
Lyngbya_aestuarii,0.0
Olive_latent_virus_3,0.0
Black_queen_cell_virus,0.0
Geminocystis_herdmanii,0.0
Lactobacillus_gigeriorum,0.0
Walleye_dermal_sarcoma_virus,0.0
Halanaerobium_praevalens,0.0
Anagyris_vein_yellowing_virus,0.0
Cronobacter_condimenti,0.0
Acidianus_hospitalis,0.0
SAR86_cluster_bacterium_SAR86C,0.0
Lactobacillus_hominis,0.0
Thermoanaerobacterium_thermosaccharolyticum,0.0
Bromus_catharticus_striate_mosaic_virus,0.0
Equine_polyomavirus,0.0
Weissella_koreensis,0.0
Lambdapapillomavirus_3,0.0
Dulcamara_mottle_virus,0.0
Enterobacteria_phage_BZ13,0.0
Staphylococcus_hominis,0.0
Staphylococcus_simiae,0.0
Mycoplasma_putrefaciens,0.0
Methanoplanus_unclassified,0.0
Psychromonas_unclassified,0.0
alpha_proteobacterium_HIMB114,0.0
Chryseobacterium_unclassified,0.0
Candidatus_Phytoplasma_mali,0.0
Clostridium_novyi,0.0
Tomato_yellow_leaf_curl_Vietnam_virus_satellite_DNA_beta,0.0
Nitrosococcus_unclassified,0.0
Arcobacter_unclassified,0.0
Mycoplasma_anatis,0.0
Edwardsiella_unclassified,0.0
Lysinibacillus_boronitolerans,0.0
Bacillus_mycoides,0.0
Methanothermococcus_unclassified,0.0
Rickettsia_canadensis,0.0
Listeria_marthii,0.0
Acinetobacter_junii,0.0
Caminibacter_mediatlanticus,0.0
Porcine_coronavirus_HKU15,0.0
Maize_streak_virus,0.0
Eggplant_latent_viroid,0.0
Staphylococcus_caprae_capitis,0.0
Kluyvera_phage_Kvp1,0.0
Candidatus_Riesia_pediculicola,0.0
Alternanthera_yellow_vein_virus,0.0
Chrysanthemum_stunt_viroid,0.0
Gammapapillomavirus_HPV127,0.0
Corchorus_yellow_vein_mosaic_virus,0.0
Orenia_marismortui,0.0
Wolbachia_endosymbiont_of_Brugia_malayi,0.0
Grapevine_yellow_speckle_viroid_2,0.0
Magnetospirillum_unclassified,0.0
Methanothermococcus_okinawensis,0.0
Sugarcane_bacilliform_MO_virus,0.0
Zucchini_green_mottle_mosaic_virus,0.0
Spinach_severe_curly_top_virus,0.0
Spinach_curly_top_virus,0.0
Beet_mild_curly_top_virus,0.0
Cyanobacterium_aponinum,0.0
Staphylococcus_intermedius,0.0
Brachyspira_intermedia,0.0
Candidatus_Nitrosoarchaeum_unclassified,0.0
Staphylococcus_delphini,0.0
Bacillus_amyloliquefaciens,0.0
Marinomonas_posidonica,0.0
Flavobacteria_bacterium_BBFL7,0.0
Rhodopirellula_europaea,0.0
Moritella_unclassified,0.0
Dickeya_zeae,0.0
Cytophaga_hutchinsonii,0.0
Thermodesulfobacterium_thermophilum,0.0
Aneurinibacillus_aneurinilyticus,0.0
Bacillus_cellulosilyticus,0.0
Mamastrovirus_13,0.0
Glaciecola_arctica,0.0
Methanocaldococcus_infernus,0.0
Torque_teno_virus_1,0.0
Bacteroides_sp_2_1_56FAA,0.0
Bordetella_unclassified,0.0
Achromobacter_unclassified,0.0
Leifsonia_unclassified,0.0
Staphylococcus_carnosus,0.0
Lactobacillus_parabrevis,0.0
Clostridium_saccharoperbutylacetonicum,0.0
Halobacteroides_halobius,0.0
Brachyspira_innocens,0.0
Bacteriovorax_marinus,0.0
Prevotella_loescheii,0.0
Candidatus_Blochmannia_floridanus,0.0
Malvastrum_leaf_curl_Philippines_betasatellite,0.0
Lachnospiraceae_bacterium_2_1_46FAA,0.0
Epsilon15likevirus_unclassified,0.0
Corynebacterium_crenatum,0.0
Chilli_leaf_curl_Multan_alphasatellite,0.0
Staphylococcus_xylosus,0.0
Staphylococcus_epidermidis,0.0
Powassan_virus,0.0
Leptospira_terpstrae,0.0
Succinivibrionaceae_bacterium_WG_1,0.0
Vibrio_tubiashii,0.0
Acinetobacter_soli,0.0
Staphylococcus_pettenkoferi,0.0
Clostridium_autoethanogenum,0.0
Hydrogenobaculum_unclassified,0.0
Mycoplasma_crocodyli,0.0
Xenorhabdus_bovienii,0.0
Vulcanisaeta_moutnovskia,0.0
Vulcanisaeta_unclassified,0.0
Candidatus_Liberibacter_americanus,0.0
Brevibacillus_laterosporus,0.0
Flavobacteria_bacterium_BAL38,0.0
Thermoanaerobacter_indiensis,0.0
Catellicoccus_marimammalium,0.0
Geobacillus_caldoxylosilyticus,0.0
Psychroflexus_tropicus,0.0
Lactobacillus_vini,0.0
Lactobacillus_amylolyticus,0.0
Vibrio_alginolyticus,0.0
Aliivibrio_logei,0.0
alpha_proteobacterium_SCGC_AAA027_C06,0.0
Methylophilus_unclassified,0.0
Bacillus_smithii,0.0
Oscillatoria_formosa,0.0
Acinetobacter_beijerinckii,0.0
Oceanobacillus_kimchii,0.0
Glaciecola_psychrophila,0.0
Haemophilus_parasuis,0.0
Riemerella_unclassified,0.0
Anoxybacillus_kamchatkensis,0.0
Haladaptatus_paucihalophilus,0.0
Methanolobus_unclassified,0.0
Onion_yellows_phytoplasma,0.0
SAR324_cluster_bacterium_SCGC_AB_629_J17,0.0
Nodularia_spumigena,0.0
Legionella_tunisiensis,0.0
Bacillus_coahuilensis,0.0
Helicobacter_canadensis,0.0
Marinimicrobia_bacterium_SCGC_AAA298_D23,0.0
Streptococcus_didelphis,0.0
Clostridium_kluyveri,0.0
Moorea_producens,0.0
Eubacterium_yurii,0.0
Providencia_rettgeri,0.0
Marine_Group_I_thaumarchaeote_SCGC_AB_629_I23,0.0
Bacillus_megaterium,0.0
Lactobacillus_equi,0.0
Neisseria_weaveri,0.0
Plautia_stali_symbiont,0.0
Candidatus_Endolissoclinum_faulkneri,0.0
Halanaerobium_saccharolyticum,0.0
Colwellia_piezophila,0.0
Treponema_medium,0.0
Trichodesmium_erythraeum,0.0
actinobacterium_SCGC_AAA027_L06,0.0
Mycoplasma_mycoides,0.0
Arthrospira_unclassified,0.0
Enterocytozoon_bieneusi,0.0
secondary_endosymbiont_of_Heteropsylla_cubana,0.0
Geobacillus_thermoleovorans,0.0
Acinetobacter_indicus,0.0
Nonlabens_dokdonensis,0.0
Helicobacter_pylori,0.0
Listeria_welshimeri,0.0
Burkholderia_multivorans,0.0
Pantoea_stewartii,0.0
Haemophilus_ducreyi,0.0
Anaeromyxobacter_unclassified,0.0
alpha_proteobacterium_SCGC_AAA280_P20,0.0
Mannheimia_succiniciproducens,0.0
Mycoplasma_ovipneumoniae,0.0
Mesoplasma_florum,0.0
Ehrlichia_unclassified,0.0
Candidatus_Nitrosopumilus_salaria,0.0
Mycoplasma_iowae,0.0
Nocardiopsis_synnemataformans,0.0
Acinetobacter_baylyi,0.0
Caldicellulosiruptor_kristjanssonii,0.0
Pseudoalteromonas_undina,0.0
Moraxella_catarrhalis,0.0
Sulfurospirillum_barnesii,0.0
Mycoplasma_alligatoris,0.0
Ureaplasma_parvum,0.0
Commensalibacter_intestini,0.0
Legionella_drancourtii,0.0
Thermodesulfovibrio_yellowstonii,0.0
Bacillus_macauensis,0.0
Virgibacillus_halodenitrificans,0.0
Peptoniphilus_rhinitidis,0.0
Streptococcus_henryi,0.0
Tomato_yellow_leaf_curl_China_betasatellite,0.0
Vibrio_ezurae,0.0
Neisseria_elongata,0.0
Bifidobacterium_gallicum,0.0
Methanococcus_voltae,0.0
Enterococcus_saccharolyticus,0.0
Bacillus_atrophaeus,0.0
Weissella_paramesenteroides,0.0
Leptospira_licerasiae,0.0
Leptotrichia_buccalis,0.0
Bacillus_azotoformans,0.0
Myroides_odoratimimus,0.0
Fructobacillus_fructosus,0.0
Staphylococcus_simulans,0.0
Mycoplasma_agalactiae,0.0
Flavobacterium_frigoris,0.0
Bartonella_vinsonii,0.0
Leptospira_santarosai,0.0
Weissella_halotolerans,0.0
Glaciecola_polaris,0.0
Thermosipho_africanus,0.0
Liberibacter_crescens,0.0
Marinimicrobia_bacterium_SCGC_AAA160_I06,0.0
Enterococcus_cecorum,0.0
Holospora_obtusa,0.0
Lactobacillus_florum,0.0
Cellulosilyticum_lentocellum,0.0
Aster_yellows_witches_broom_phytoplasma,0.0
Pasteurella_bettyae,0.0
Desulfurobacterium_thermolithotrophum,0.0
Cardiobacterium_hominis,0.0
Cardiobacterium_valvarum,0.0
Brevibacterium_unclassified,0.0
Enterobacteria_phage_PsP3,0.0
Xanthomonas_arboricola,0.0
Bacteroides_sp_3_2_5,0.0
Bacteroides_sp_D2,0.0
Staphylococcus_phage_PVL,0.0
Calyptogena_okutanii_thioautotrophic_gill_symbiont,0.0
Crenarchaeota_archaeon_SCGC_AAA471_B05,0.0
Staphylococcus_arlettae,0.0
Photobacterium_damselae,0.0
Limnohabitans_unclassified,0.0
Streptomyces_rapamycinicus,0.0
Oribacterium_sp_oral_taxon_078,0.0
Thermococcus_kodakarensis,0.0
Clostridium_tyrobutyricum,0.0
Acinetobacter_ursingii,0.0
Candidatus_Prevotella_conceptionensis,0.0
Streptomyces_hygroscopicus,0.0
Facklamia_languida,0.0
Acinetobacter_brisouii,0.0
Tanapox_virus,0.0
Winogradskyella_psychrotolerans,0.0
Aeromonas_media,0.0
Capripoxvirus_unclassified,0.0
Campylobacter_fetus,0.0
Clostridium_carboxidivorans,0.0
Oceanobacillus_unclassified,0.0
Delftia_unclassified,0.0
Neisseria_shayeganii,0.0
Kurthia_massiliensis,0.0
Flavobacteriales_bacterium_ALC_1,0.0
Methanococcus_vannielii,0.0
Mycoplasma_synoviae,0.0
Arthroderma_benhamiae,0.0
Anabaena_unclassified,0.0
Lactobacillus_coryniformis,0.0
Glaciecola_pallidula,0.0
Methanococcus_aeolicus,0.0
Streptococcus_porcinus,0.0
Actinomyces_sp_ICM39,0.0
Cellvibrio_unclassified,0.0
Petrotoga_mobilis,0.0
Variovorax_paradoxus,0.0
Sutterella_parvirubra,0.0
Cronobacter_sakazakii,0.0
Emilia_yellow_vein_virus_associated_DNA_beta,0.0
Metallosphaera_cuprina,0.0
Staphylococcus_pseudintermedius,0.0
Microcystis_unclassified,0.0
Blattabacterium_punctulatus,0.0
Marinomonas_mediterranea,0.0
Gillisia_marina,0.0
Fusobacterium_russii,0.0
Providencia_sneebia,0.0
Shewanella_decolorationis,0.0
Sphingobium_chinhatense,0.0
Flavobacterium_limnosediminis,0.0
Scytonema_hofmanni,0.0
Acinetobacter_radioresistens,0.0
Exiguobacterium_antarcticum,0.0
Natrialba_aegyptia,0.0
Shewanella_halifaxensis,0.0
Paenibacillus_terrae,0.0
Acinetobacter_venetianus,0.0
Nitrosopumilus_unclassified,0.0
Dictyoglomus_turgidum,0.0
Aggregatibacter_aphrophilus,0.0
Campylobacter_upsaliensis,0.0
Cycloclasticus_zancles,0.0
zeta_proteobacterium_SCGC_AB_137_J06,0.0
Brachyspira_hampsonii,0.0
beta_proteobacterium_KB13,0.0
Shigella_flexneri,0.0
Mossman_virus,0.0
Leishmania_RNA_virus_1_4,0.0
Aurantiochytrium_single_stranded_RNA_virus_01,0.0
Maize_yellow_dwarf_virus_RMV,0.0
Thottapalayam_virus,0.0
Solenopsis_invicta_densovirus,0.0
Mokola_virus,0.0
Solenopsis_invicta_virus_2,0.0
Aeromonas_molluscorum,0.0
Bradyrhizobium_elkanii,0.0
Lettuce_infectious_yellows_virus,0.0
Chaetoceros_socialis_f_radians_RNA_virus_01,0.0
Vibrio_parahaemolyticus,0.0
Nora_virus,0.0
Giardia_lamblia_virus,0.0
Eastern_equine_encephalitis_virus,0.0
Burkholderia_ubonensis,0.0
Circovirus_like_genome_SAR_A,0.0
Rhizobium_mesoamericanum,0.0
Turkey_astrovirus,0.0
Rhopalosiphum_padi_virus,0.0
Sebokele_virus_1,0.0
Acartia_tonsa_copepod_circovirus,0.0
Bovine_parvovirus_2,0.0
Borrelia_bissettii,0.0
Spring_beauty_latent_virus,0.0
Hendra_virus,0.0
Snakehead_virus,0.0
Oat_golden_stripe_virus,0.0
Pea_enation_mosaic_virus_1,0.0
Homalodisca_coagulata_virus_1,0.0
Cucumber_leaf_spot_virus,0.0
Torque_teno_virus_14,0.0
Midway_virus,0.0
Cucumber_Bulgarian_virus,0.0
MW_polyomavirus,0.0
Zaire_ebolavirus,0.0
Peruvian_horse_sickness_virus,0.0
Cassava_common_mosaic_virus,0.0
Drosophila_x_virus,0.0
Aquareovirus_C,0.0
Yersinia_unclassified,0.0
H_1_parvovirus,0.0
Thermoanaerobacter_pseudethanolicus,0.0
Tsukamurella_unclassified,0.0
Murine_norovirus,0.0
Peanut_stunt_virus,0.0
Gentian_mosaic_virus,0.0
Epirus_cherry_virus,0.0
Cronobacter_phage_ENT47670,0.0
Lamium_leaf_distortion_virus,0.0
Peru_tomato_mosaic_virus,0.0
Olsenella_profusa,0.0
Streptococcus_phage_EJ_1,0.0
Lactobacillus_buchneri,0.0
Lactobacillus_animalis,0.0
Bean_necrotic_mosaic_virus,0.0
Xanthomonas_perforans,0.0
Botrytis_cinerea_mitovirus_1,0.0
Methylosinus_unclassified,0.0
Cypovirus_15,0.0
Torque_teno_virus_27,0.0
Kosakonia_radicincitans,0.0
Lactobacillus_kefiranofaciens,0.0
Staphylococcus_equorum,0.0
Eggerthella_sp_HGA1,0.0
Streptococcus_parauberis,0.0
Leucas_zeylanica_yellow_vein_virus_satellite_DNA_beta,0.0
Enterobacteria_phage_HK633,0.0
Lactobacillus_otakiensis,0.0
Betacryptovirus_unclassified,0.0
Rhizosolenia_setigera_RNA_virus_01,0.0
Desulfurococcus_kamchatkensis,0.0
Photorhabdus_temperata,0.0
Yersinia_ruckeri,0.0
Phycodnaviridae_noname_unclassified,0.0
Leptospira_alstoni,0.0
Taura_syndrome_virus,0.0
Yersinia_intermedia,0.0
Endoriftia_persephone,0.0
Neisseria_macacae,0.0
Vibrio_genomosp_F6,0.0
Enterobacter_cancerogenus,0.0
Feline_astrovirus_2,0.0
Bibersteinia_trehalosi,0.0
T5likevirus_unclassified,0.0
Wolbachia_pipientis,0.0
Burkholderia_oklahomensis,0.0
Gremmeniella_abietina_mitochondrial_RNA_virus_S2,0.0
Natronococcus_jeotgali,0.0
Astrovirus_VA4,0.0
St_Valerien_swine_virus,0.0
Japanese_eel_endothelial_cells_infecting_virus,0.0
Pseudomonas_mandelii,0.0
Heterocapsa_circularisquama_RNA_virus,0.0
Prevotella_multiformis,0.0
Miscanthus_streak_virus,0.0
Cricket_paralysis_virus,0.0
Helminthosporium_victoriae_145S_virus,0.0
Drosophila_melanogaster_totivirus_SW_2009a,0.0
Ophiostoma_mitovirus_4,0.0
Colorado_tick_fever_virus,0.0
Eyach_virus,0.0
Paralichthys_olivaceus_birnavirus,0.0
Porcine_stool_associated_circular_virus_3,0.0
Rhodopirellula_baltica,0.0
Bat_sapovirus_TLC58_HK,0.0
Penaeid_shrimp_infectious_myonecrosis_virus,0.0
Streptococcus_ferus,0.0
Shewanella_baltica,0.0
Grapevine_Bulgarian_latent_virus,0.0
Helicobacter_bizzozeronii,0.0
Borrelia_burgdorferi,0.0
Cowpea_severe_mosaic_virus,0.0
Enterobacter_hormaechei,0.0
Mycoplasma_hominis,0.0
Mycoplasma_alkalescens,0.0
Cytophaga_unclassified,0.0
Soybean_mild_mottle_virus,0.0
Sweet_potato_leaf_curl_China_virus,0.0
Brugmansia_mild_mottle_virus,0.0
Chrysanthemum_chlorotic_mottle_viroid,0.0
Enterobacteria_phage_HK544,0.0
Cucumber_fruit_mottle_mosaic_virus,0.0
Subterranean_clover_mottle_virus_satellite_RNA,0.0
Pepper_mild_mottle_virus,0.0
Asparagus_virus_3,0.0
Citrus_exocortis_viroid,0.0
Bat_coronavirus_CDPHE15_USA_2006,0.0
Mulberry_small_circular_viroid_like_RNA_1,0.0
Ageratum_latent_virus,0.0
Halovirus_HF1,0.0
Hordeum_mosaic_virus,0.0
Ippy_virus,0.0
Macacine_herpesvirus_1,0.0
Zalophus_californianus_papillomavirus_1,0.0
Staphylococcus_phage_YMC_09_04_R1988,0.0
Canine_circovirus,0.0
Phlox_virus_S,0.0
Scrophularia_mottle_virus,0.0
Apple_stem_pitting_virus,0.0
Chiltepin_yellow_mosaic_virus,0.0
Tobacco_bushy_top_virus,0.0
Persimmon_viroid_2,0.0
Haemophilus_parahaemolyticus,0.0
Streptococcus_orisratti,0.0
Solibacillus_silvestris,0.0
Thermodesulfobacterium_unclassified,0.0
Mycoplasma_hyopneumoniae,0.0
Cellulophaga_lytica,0.0
Mycoplasma_moatsii,0.0
Clostridium_tetani,0.0
Aquimarina_agarilytica,0.0
Mycoplasma_orale,0.0
Clostridium_acidurici,0.0
actinobacterium_SCGC_AAA278_I18,0.0
Enterococcus_haemoperoxidus,0.0
Xenorhabdus_unclassified,0.0
Sulfolobus_tokodaii,0.0
Amphibacillus_xylanus,0.0
Bacillus_isronensis,0.0
Sabia_virus,0.0
Mycobacterium_phage_Catdawg,0.0
Equid_herpesvirus_8,0.0
Satellites_of_Trichomonas_vaginalis_T1_virus,0.0
Konjac_mosaic_virus,0.0
Fritillary_virus_Y,0.0
Rice_yellow_mottle_virus_satellite,0.0
Mycobacterium_phage_DD5,0.0
Leishmania_major,0.0
Rhodovulum_phage_RS1,0.0
Bacteroides_phage_B124_14,0.0
Elizabethkingia_unclassified,0.0
Cyclovirus_bat_USA_2009,0.0
RD114_retrovirus,0.0
Flexal_virus,0.0
Tomato_yellow_leaf_curl_Kanchanaburi_virus,0.0
Burkholderia_phage_Bcep43,0.0
Strawberry_latent_ringspot_virus_satellite_RNA,0.0
Johnsongrass_chlorotic_stripe_mosaic_virus,0.0
Torque_teno_virus_2,0.0
Citrus_vein_enation_virus,0.0
Borrelia_crocidurae,0.0
Circovirus_like_genome_CB_A,0.0
Canine_minute_virus,0.0
Mouse_astrovirus_M_52_USA_2008,0.0
Maize_streak_Reunion_virus,0.0
Penicillium_chrysogenum_virus,0.0
Salmonella_phage_FSL_SP_004,0.0
Providence_virus,0.0
Red_clover_necrotic_mosaic_virus,0.0
Aedes_flavivirus,0.0
Shigella_phage_Sf6,0.0
Goose_paramyxovirus_SF02,0.0
Cleome_leaf_crumple_virus_associated_DNA_1,0.0
Barley_yellow_mosaic_virus,0.0
Uukuniemi_virus,0.0
Rickettsia_japonica,0.0
Rhinovirus_C,0.0
Raphanus_sativus_cryptic_virus_3,0.0
Tolypocladium_cylindrosporum_virus_1,0.0
European_bat_lyssavirus_1,0.0
Passion_fruit_mosaic_virus,0.0
Mycobacterium_phage_DNAIII,0.0
Piper_yellow_mottle_virus,0.0
Caulobacter_phage_CcrKarma,0.0
Pseudomonas_sp_UK4,0.0
Southern_bean_mosaic_virus,0.0
Groundnut_rosette_virus,0.0
Olive_latent_virus_1,0.0
Enterococcus_hirae,0.0
Lactobacillus_farciminis,0.0
Staphylococcus_saprophyticus,0.0
Rothia_aeria,0.0
Actinobaculum_unclassified,0.0
Lactobacillus_helveticus,0.0
Sclerophthora_macrospora_virus_A,0.0
Human_herpesvirus_2,0.0
Artemisia_virus_A,0.0
Enterobacteria_phage_WA13_sensu_lato,0.0
Scallion_virus_X,0.0
Paspalum_dilatatum_striate_mosaic_virus,0.0
Maize_white_line_mosaic_virus,0.0
African_elephant_polyomavirus_1,0.0
Betapapillomavirus_3,0.0
Lambdapapillomavirus_4,0.0
Equine_papillomavirus_2,0.0
Pelargonium_line_pattern_virus,0.0
Groundnut_rosette_virus_satellite_RNA,0.0
Aspergillus_foetidus_dsRNA_mycovirus,0.0
Simian_immunodeficiency_virus,0.0
Botryotinia_fuckeliana_totivirus_1,0.0
Grapevine_chrome_mosaic_virus,0.0
Mouse_kobuvirus_M_5_USA_2010,0.0
Rhinovirus_A,0.0
Beet_western_yellows_virus,0.0
Pepper_vein_yellows_virus,0.0
Ross_River_virus,0.0
Western_equine_encephalitis_virus,0.0
Diascia_yellow_mottle_virus,0.0
Columnea_latent_viroid,0.0
Ludwigia_yellow_vein_virus,0.0
Halobacillus_unclassified,0.0
Torque_teno_virus_12,0.0
Cassava_mosaic_Madagascar_alphasatellite,0.0
Bacteroides_sp_1_1_30,0.0
Streptococcus_canis,0.0
Torque_teno_mini_virus_7,0.0
Sida_golden_yellow_vein_virus,0.0
Bean_chlorosis_virus,0.0
Lindernia_anagallis_yellow_vein_virus,0.0
Citrus_viroid_VI,0.0
Arabis_mosaic_virus_small_satellite_RNA,0.0
Clostridium_phage_phi24R,0.0
Pseudomonas_phage_phiCTX,0.0
Pectobacterium_unclassified,0.0
Encephalitozoon_unclassified,0.0
Agrobacterium_unclassified,0.0
Hyphomicrobium_unclassified,0.0
Pseudomonas_phage_PB1,0.0
African_green_monkey_polyomavirus,0.0
Calibrachoa_mottle_virus,0.0
Mulikevirus_unclassified,0.0
Orthohepadnavirus_unclassified,0.0
Culex_flavivirus,0.0
P22likevirus_unclassified,0.0
Cherry_rasp_leaf_virus,0.0
Chikungunya_virus,0.0
Rhododendron_virus_A,0.0
Espirito_Santo_virus,0.0
Artibeus_jamaicensis_parvovirus_1,0.0
Baboon_orthoreovirus,0.0
Golden_Gate_virus,0.0
Ageratum_yellow_vein_Singapore_alphasatellite,0.0
Rice_ragged_stunt_virus,0.0
Scotophilus_bat_coronavirus_512,0.0
Sindbis_virus,0.0
Cowpea_mosaic_virus,0.0
Ageratum_leaf_curl_Cameroon_betasatellite,0.0
Rift_Valley_fever_virus,0.0
Deltapapillomavirus_3,0.0
Leek_white_stripe_virus,0.0
Tomato_leaf_curl_Palampur_virus,0.0
Orchid_fleck_virus,0.0
Lettuce_virus_X,0.0
Torque_teno_virus_25,0.0
Nse_virus,0.0
Sporolactobacillus_unclassified,0.0
Desulfosporosinus_unclassified,0.0
Gluconacetobacter_unclassified,0.0
Bat_coronavirus_1B,0.0
Human_parainfluenza_virus_1,0.0
Aravan_virus,0.0
Amapari_virus,0.0
Switchgrass_mosaic_virus,0.0
Turnip_curly_top_virus,0.0
Leishmania_donovani,0.0
Dickeya_unclassified,0.0
Ryegrass_mosaic_virus,0.0
Pan_troglodytes_schweinfurthii_polyomavirus_2,0.0
Aedes_albopictus_densovirus,0.0
Red_clover_cryptic_virus_1,0.0
Avastrovirus_3,0.0
Betacoronavirus_1,0.0
Tobacco_yellow_dwarf_virus,0.0
Primate_T_lymphotropic_virus_3,0.0
Apple_green_crinkle_associated_virus,0.0
Blueberry_red_ringspot_virus,0.0
Mycobacterium_phage_Phelemich,0.0
Pea_seed_borne_mosaic_virus,0.0
Pyrococcus_unclassified,0.0
Oscillatoria_unclassified,0.0
Facklamia_unclassified,0.0
Herbaspirillum_unclassified,0.0
Eubacteriaceae_noname_unclassified,0.0
Phytophthora_infestans_RNA_virus_1,0.0
American_bat_vesiculovirus_TFFN_2013,0.0
Vernonia_yellow_vein_betasatellite,0.0
Cuban_alphasatellite_1,0.0
Merremia_mosaic_Puerto_Rico_virus,0.0
Otomops_polyomavirus_2,0.0
Propionibacterium_phage_PHL112N00,0.0
Tomato_mosaic_leaf_curl_virus,0.0
Hibiscus_latent_Singapore_virus,0.0
Southern_cowpea_mosaic_virus,0.0
Bat_coronavirus_BtCoV_133_2005,0.0
Pepper_veinal_mottle_virus,0.0
Nitratireductor_unclassified,0.0
Crenarchaeota_noname_unclassified,0.0
Cycloclasticus_unclassified,0.0
Fischerella_unclassified,0.0
Nitrospina_unclassified,0.0
Mesorhizobium_unclassified,0.0
Thiomicrospira_unclassified,0.0
Methanosaeta_unclassified,0.0
Anaerostipes_sp_3_2_56FAA,0.0
Obodhiang_virus,0.0
Methylacidiphilum_unclassified,0.0
Astrovirus_MLB3,0.0
Otomops_polyomavirus_1,0.0
Epizootic_hemorrhagic_disease_virus,0.0
Cymbidium_mosaic_virus,0.0
Lunk_virus_NKS_1,0.0
Rice_yellow_mottle_virus,0.0
Thetapapillomavirus_1,0.0
Carrot_mottle_mimic_virus,0.0
Actinidia_virus_B,0.0
Barley_yellow_dwarf_virus_PAS,0.0
Boolarra_virus,0.0
Turnip_crinkle_virus,0.0
Seoul_virus,0.0
Lysinibacillus_unclassified,0.0
Fragaria_chiloensis_cryptic_virus,0.0
Jonquetella_sp_BV3C21,0.0
Equine_foamy_virus,0.0
Meno_virus,0.0
Papiine_herpesvirus_2,0.0
Cardioderma_polyomavirus,0.0
Ipomoea_begomovirus_satellite_DNA_beta,0.0
Simian_T_cell_lymphotropic_virus_6,0.0
Nudaurelia_capensis_beta_virus,0.0
Emilia_yellow_vein_virus,0.0
Lassa_virus,0.0
Bacteroides_sp_4_3_47FAA,0.0
Oenococcus_unclassified,0.0
Leishmania_unclassified,0.0
Enterovibrio_unclassified,0.0
Nilaparvata_lugens_reovirus,0.0
Raspberry_bushy_dwarf_virus,0.0
Wheat_eqlid_mosaic_virus,0.0
Bovine_leukemia_virus,0.0
Drosophila_obscura_sigmavirus,0.0
Colwellia_unclassified,0.0
Oat_necrotic_mottle_virus,0.0
Apricot_pseudo_chlorotic_leaf_spot_virus,0.0
Sweet_potato_chlorotic_stunt_virus,0.0
Vesicular_exanthema_of_swine_virus,0.0
Red_clover_cryptic_virus_2,0.0
Cyclovirus_NGchicken15_NGA_2009,0.0
Papaya_lethal_yellowing_virus,0.0
Salmonella_phage_epsilon34,0.0
Micromonas_pusilla_reovirus,0.0
Mamastrovirus_1,0.0
Astrovirus_VA1,0.0
Dendrolimus_punctatus_tetravirus,0.0
Felis_catus_papillomavirus_3,0.0
Melon_yellow_spot_virus,0.0
Cowpea_chlorotic_mottle_virus,0.0
Black_beetle_virus,0.0
Grapevine_fleck_virus,0.0
Zygocactus_virus_X,0.0
Physalis_mottle_virus,0.0
Asystasia_begomovirus_1,0.0
Ligustrum_necrotic_ringspot_virus,0.0
Kalanchoe_top_spotting_virus,0.0
Commelina_yellow_mottle_virus,0.0
Cassia_yellow_blotch_virus,0.0
Banana_streak_CA_virus,0.0
Staphylococcus_phage_K,0.0
Cereal_yellow_dwarf_virus_RPV_satellite_RNA,0.0
Bunyamwera_virus,0.0
Thermoanaerobacter_brockii,0.0
Perch_rhabdovirus,0.0
Blattella_germanica_densovirus,0.0
Mycoreovirus_3,0.0
Siniperca_chuatsi_rhabdovirus,0.0
Sendai_virus,0.0
Canine_papillomavirus_10,0.0
Canine_papillomavirus_9,0.0
European_mountain_ash_ringspot_associated_virus,0.0
Wongabel_virus,0.0
Maracuja_mosaic_virus,0.0
Olive_latent_virus_2,0.0
Omegapapillomavirus_1,0.0
Nootka_lupine_vein_clearing_virus,0.0
Cucurbit_aphid_borne_yellows_virus,0.0
Cassava_mosaic_Madagascar_virus,0.0
Visna_maedi_virus,0.0
Tomato_leaf_curl_Arusha_virus,0.0
Miniopterus_polyomavirus,0.0
Nupapillomavirus_1,0.0
Velvet_tobacco_mottle_virus,0.0
European_bat_lyssavirus_2,0.0
Bacillus_phage_WBeta,0.0
Rubber_viroid_India_2009,0.0
Vibrio_phage_VEJphi,0.0
Torque_teno_virus_28,0.0
Avocado_sunblotch_viroid,0.0
Sheeppox_virus,0.0
Methanococcus_unclassified,0.0
Halorhabdus_unclassified,0.0
Niabella_unclassified,0.0
Acidiphilium_unclassified,0.0
Entebbe_bat_virus,0.0
Enterovirus_H,0.0
Brome_streak_mosaic_virus,0.0
Human_papillomavirus_type_135,0.0
Apple_scar_skin_viroid,0.0
Tobacco_vein_mottling_virus,0.0
Bacteroides_sp_9_1_42FAA,0.0
Leptospirillum_unclassified,0.0
Potato_virus_A,0.0
Blotched_snakehead_virus,0.0
Torque_teno_tamarin_virus,0.0
Begomovirus_associated_DNA_II,0.0
Alphapapillomavirus_3,0.0
Mobala_virus,0.0
Euphorbia_yellow_mosaic_virus,0.0
Propionibacterium_phage_P100_A,0.0
Tomato_yellow_leaf_curl_Saudi_virus,0.0
Tobacco_ringspot_virus_satellite_RNA,0.0
Lucerne_transient_streak_virus_satellite_RNA,0.0
Pear_blister_canker_viroid,0.0
Staphylococcus_phage_3A,0.0
Mycobacterium_phage_Porky,0.0
Squirrel_monkey_polyomavirus,0.0
Sugarcane_yellow_leaf_virus,0.0
Acidaminococcus_sp_D21,0.0
Spiroplasma_unclassified,0.0
Geobacillus_unclassified,0.0
Nitrobacter_unclassified,0.0
Ureaplasma_unclassified,0.0
Pasteurella_unclassified,0.0
Anoxybacillus_unclassified,0.0
Methanocaldococcus_unclassified,0.0
Operophtera_brumata_reovirus,0.0
Enterovirus_B,0.0
Grapevine_leafroll_associated_virus_10,0.0
Hop_trefoil_cryptic_virus_2,0.0
Infectious_salmon_anemia_virus,0.0
Penicillium_stoloniferum_virus_S,0.0
Malvastrum_yellow_mosaic_Cameroon_alphasatellite,0.0
Ralstonia_phage_RSM3,0.0
Fig_cryptic_virus,0.0
Methanocella_unclassified,0.0
Enterovirus_D,0.0
Sphingobium_unclassified,0.0
Enterovirus_C,0.0
Tall_oatgrass_mosaic_virus,0.0
Cypovirus_1,0.0
Mason_Pfizer_monkey_virus,0.0
Palyam_virus,0.0
Clover_yellow_mosaic_virus,0.0
Wheat_dwarf_India_virus,0.0
Trichodysplasia_spinulosa_associated_polyomavirus,0.0
Kenaf_leaf_curl_virus,0.0
Sweet_potato_leaf_curl_Bengal_virus,0.0
Mycobacterium_phage_PMC,0.0
Bandicoot_papillomatosis_carcinomatosis_virus_type_1,0.0
Soybean_yellow_mottle_mosaic_virus,0.0
Tomato_leaf_curl_virus,0.0
Erwinia_phage_phiEa100,0.0
Cosavirus_A,0.0
Feline_foamy_virus,0.0
Watermelon_silver_mottle_virus,0.0
Propionibacterium_phage_PAD20,0.0
Okra_enation_leaf_curl_alphasatellite,0.0
Pseudomonas_phage_KPP12,0.0
Heron_hepatitis_B_virus,0.0
Influenza_C_virus,0.0
Strawberry_mild_yellow_edge_virus,0.0
Betapapillomavirus_5,0.0
Barley_yellow_dwarf_virus_PAV,0.0
Campoletis_sonorensis_ichnovirus,0.0
Norwalk_virus,0.0
Aquareovirus_A,0.0
Carrot_red_leaf_luteovirus_associated_RNA,0.0
Canine_bocavirus,0.0
Caulobacter_phage_phiCb5,0.0
Potato_virus_S,0.0
Pseudomonas_phage_PRR1,0.0
Wheat_yellow_mosaic_virus,0.0
Broad_bean_necrosis_virus,0.0
Mungbean_yellow_mosaic_India_virus,0.0
Cherry_green_ring_mottle_virus,0.0
Deerpox_virus_W_1170_84,0.0
Blackberry_virus_Y,0.0
Beilong_virus,0.0
Staphylococcus_phage_tp310_2,0.0
Human_T_lymphotropic_virus_4,0.0
Tomato_mosaic_Havana_virus,0.0
Papaya_leaf_crumple_virus,0.0
Peanut_stunt_virus_satellite_RNA,0.0
Sugarcane_streak_virus,0.0
Papaya_leaf_distortion_mosaic_virus,0.0
Thermotoga_unclassified,0.0
Borrelia_unclassified,0.0
Junin_virus,0.0
Chickpea_chlorotic_stunt_virus,0.0
Starling_circovirus,0.0
Grapevine_leafroll_associated_virus_1,0.0
Cestrum_yellow_leaf_curling_virus,0.0
Citrus_dwarfing_viroid,0.0
Paenibacillus_elgii,0.0
Streptomyces_albulus,0.0
Geobacter_sulfurreducens,0.0
Acidovorax_avenae,0.0
Mycobacterium_parascrofulaceum,0.0
Catenulispora_acidiphila,0.0
Agrobacterium_tumefaciens,0.0
endosymbiont_of_Riftia_pachyptila,0.0
Geobacter_uraniireducens,0.0
Actinomyces_sp_oral_taxon_172,0.0
Enterococcus_sp_7L76,0.0
Leuconostoc_phage_phiLN04,0.0
Collinsella_sp_GD3,0.0
Escherichia_phage_phAPEC8,0.0
Pea_stem_necrosis_virus,0.0
Saccharomonospora_unclassified,0.0
Alstroemeria_virus_x,0.0
Human_polyomavirus_9,0.0
Indian_peanut_clump_virus,0.0
Citrus_bark_cracking_viroid,0.0
East_Asian_Passiflora_virus,0.0
Thauera_unclassified,0.0
Vervet_monkey_polyomavirus_1,0.0
Nanovirus_like_particle,0.0
Citrus_viroid_V,0.0
Nyamanini_virus,0.0
Chipapillomavirus_2,0.0
Phipapillomavirus_1,0.0
Tomato_mild_yellow_leaf_curl_Aragua_virus,0.0
Bacteroides_sp_1_1_14,0.0
Plantago_asiatica_mosaic_virus,0.0
Banana_streak_Mysore_virus,0.0
Tomato_leaf_curl_Sri_Lanka_virus,0.0
Streptococcus_phage_TP_J34,0.0
Tomato_necrotic_stunt_virus,0.0
Streptococcus_phage_Sfi21,0.0
Streptococcus_phage_ALQ13_2,0.0
Cucumber_mosaic_virus,0.0
Citrus_leprosis_virus_C,0.0
Pelargonium_vein_banding_virus,0.0
Dyoetapapillomavirus_1,0.0
Blechum_interveinal_chlorosis_virus,0.0
California_sea_lion_polyomavirus_1,0.0
Coleus_blumei_viroid_1,0.0
Cupriavidus_pinatubonensis,0.0
Dalechampia_chlorotic_mosaic_virus,0.0
Sea_turtle_tornovirus_1,0.0
Finch_circovirus,0.0
Bacillus_phage_Fah,0.0
Astrovirus_VA3,0.0
African_horse_sickness_virus,0.0
Human_papillomavirus_161_like_viruses,0.0
Pepper_golden_mosaic_virus,0.0
Mycobacterium_phage_ArcherS7,0.0
Pepper_yellow_dwarf_virus_New_Mexico,0.0
Salmonella_phage_iEPS5,0.0
Barley_yellow_dwarf_virus_MAV,0.0
Micromonospora_unclassified,0.0
Acidaminococcus_sp_BV3L6,0.0
Sida_micrantha_mosaic_virus,0.0
Fig_fleck_associated_virus,0.0
Sandfly_fever_Sicilian_virus,0.0
Bovine_parainfluenza_virus_3,0.0
Melon_chlorotic_mosaic_virus_associated_alphasatellite,0.0
Ndumu_virus,0.0
Ourmia_melon_virus,0.0
Pseudomonas_phage_PT2,0.0
Dioscorea_bacilliform_virus,0.0
Coleus_blumei_viroid_3,0.0
Bidens_mottle_virus,0.0
Bean_yellow_mosaic_virus,0.0
Francisella_unclassified,0.0
Myroides_unclassified,0.0
Sulfurimonas_unclassified,0.0
Schlumbergera_virus_X,0.0
Melandrium_yellow_fleck_virus,0.0
Enterovirus_G,0.0
Great_Island_virus,0.0
European_brown_hare_syndrome_virus,0.0
Cucumber_vein_yellowing_virus,0.0
Bat_picornavirus_1,0.0
Human_cosavirus_E,0.0
Tomato_rugose_mosaic_virus,0.0
Banana_streak_OL_virus,0.0
Gossypium_darwinii_symptomless_alphasatellite,0.0
Enterobacteria_phage_FI_sensu_lato,0.0
Pepper_huasteco_yellow_vein_virus,0.0
Kyuri_green_mottle_mosaic_virus,0.0
Vibrio_phage_VFJ,0.0
Enterovirus_F,0.0
Cucumber_mottle_virus,0.0
Sida_yellow_vein_disease_associated_DNA_1,0.0
Mycobacterium_phage_Catera,0.0
Tomato_common_mosaic_virus,0.0
Natronococcus_unclassified,0.0
Cassava_brown_streak_virus,0.0
Vallota_speciosa_virus,0.0
Apple_chlorotic_leaf_spot_virus,0.0
Eragrostis_streak_virus,0.0
Euphorbia_mosaic_virus_associated_DNA_1,0.0
Adeno_associated_virus_2,0.0
American_plum_line_pattern_virus,0.0
Chronic_bee_paralysis_virus,0.0
Bean_calico_mosaic_virus,0.0
Wolbachia_unclassified,0.0
Pseudomonas_phage_MP38,0.0
Banana_streak_IM_virus,0.0
Persimmon_cryptic_virus,0.0
Cowpea_mottle_virus,0.0
Equine_papillomavirus_3,0.0
Parietaria_mottle_virus,0.0
Spinach_latent_virus,0.0
Tobacco_necrosis_virus_A,0.0
Cucumber_mosaic_virus_satellite_RNA,0.0
Narcissus_degeneration_virus,0.0
Bacteroides_sp_3_1_40A,0.0
Octadecabacter_unclassified,0.0
Oligella_unclassified,0.0
Idiomarina_unclassified,0.0
Euphorbia_mosaic_virus,0.0
Fer_de_Lance_paramyxovirus,0.0
Anguillid_rhabdovirus,0.0
Hantaan_virus,0.0
Hemidesmus_yellow_mosaic_virus,0.0
Tomato_apical_stunt_viroid,0.0
Vibrio_phage_VBP47,0.0
Grapevine_leafroll_associated_virus_2,0.0
Carnation_ringspot_virus,0.0
Trichechus_manatus_latirostris_papillomavirus_2,0.0
Circovirus_like_genome_RW_A,0.0
Bovine_polyomavirus,0.0
Human_papillomavirus_132_like_viruses,0.0
Ovine_lentivirus,0.0
Corynebacterium_sp_KPL1859,0.0
Seal_anellovirus_TFFN_USA_2006,0.0
Streptococcus_phage_Abc2,0.0
Peach_mosaic_virus,0.0
Jatropha_mosaic_Nigerian_virus,0.0
Hardenbergia_mosaic_virus,0.0
Whitewater_Arroyo_virus,0.0
Tombusvirus_unclassified,0.0
Tomato_rugose_yellow_leaf_curl_virus,0.0
Macroptilium_yellow_net_virus,0.0
Okra_leaf_curl_virus,0.0
Cowpea_aphid_borne_mosaic_virus,0.0
Parana_virus,0.0
Lily_virus_X,0.0
Cypovirus_5,0.0
Parainfluenza_virus_5,0.0
Beet_necrotic_yellow_vein_virus,0.0
Vibrio_phage_VGJphi,0.0
Mycobacterium_phage_Lockley,0.0
Torque_teno_mini_virus_8,0.0
Pan_troglodytes_verus_polyomavirus_3,0.0
Ateles_paniscus_polyomavirus_1,0.0
Saguaro_cactus_virus,0.0
Soybean_chlorotic_spot_virus,0.0
Canine_calicivirus,0.0
Bell_pepper_mottle_virus,0.0
Propionibacterium_phage_P1_1,0.0
Cypovirus_14,0.0
Tobacco_vein_distorting_virus,0.0
Macrobrachium_rosenbergii_nodavirus,0.0
Canine_papillomavirus_8,0.0
Pan_troglodytes_verus_polyomavirus_4,0.0
Mycobacterium_phage_PhrostyMug,0.0
Oryza_sativa_endornavirus,0.0
Aroa_virus,0.0
Louping_ill_virus,0.0
Cell_fusing_agent_virus,0.0
Algerian_watermelon_mosaic_virus,0.0
Escherichia_phage_N4,0.0
Banana_streak_virus_strain_Acuminata_Vietnam,0.0
Bordetella_phage_BPP_1,0.0
Adeno_associated_virus_5,0.0
Vesivirus_unclassified,0.0
Cotton_leaf_curl_Multan_virus_satellite_U36_1,0.0
Tomato_yellow_mottle_virus,0.0
Hop_latent_viroid,0.0
Pseudomonas_phage_JG024,0.0
Lucerne_transient_streak_virus,0.0
Goose_circovirus,0.0
Sorghum_chlorotic_spot_virus,0.0
Sugarcane_bacilliform_IM_virus,0.0
Lactococcus_phage_jm3,0.0
Clostridiales_bacterium_BV3C26,0.0
Peptoniphilus_lacrimalis,0.0
Coleus_blumei_viroid_2,0.0
Propionibacterium_phage_P100D,0.0
Pseudomonas_phage_D3112,0.0
Dysgonomonas_unclassified,0.0
Agromyces_unclassified,0.0
Echinicola_unclassified,0.0
Nostoc_unclassified,0.0
Capnocytophaga_unclassified,0.0
Rickettsia_heilongjiangensis,0.0
Dianthovirus_unclassified,0.0
Spissistilus_festinus_reovirus,0.0
Chlamydia_ibidis,0.0
White_clover_cryptic_virus_2,0.0
Odontoglossum_ringspot_virus,0.0
Mayaro_virus,0.0
Barmah_Forest_virus,0.0
Soil_borne_cereal_mosaic_virus,0.0
Human_bocavirus,0.0
Ustilaginoidea_virens_RNA_virus,0.0
Okra_yellow_crinkle_Cameroon_alphasatellite,0.0
Maize_white_line_mosaic_satellite_virus,0.0
Carnation_Italian_ringspot_virus,0.0
Citrus_leaf_blotch_virus,0.0
Lone_Star_virus,0.0
Lactococcus_phage_BM13,0.0
Lactococcus_phage_936_sensu_lato,0.0
Lactococcus_phage_ul36,0.0
Prunus_necrotic_ringspot_virus,0.0
Fusarium_graminearum_dsRNA_mycovirus_1,0.0
Duvenhage_virus,0.0
Budgerigar_fledgling_disease_polyomavirus,0.0
Raspberry_latent_virus,0.0
Rabies_virus,0.0
Cotton_leaf_curl_virus_associated_DNA_1_isolate_Lucknow,0.0
Maize_rayado_fino_virus,0.0
Enterobacteria_phage_SfV,0.0
Salmonella_phage_HK620,0.0
Diuris_virus_B,0.0
Torque_teno_sus_virus_k2,0.0
Infectious_hypodermal_and_hematopoietic_necrosis_virus,0.0
Avian_paramyxovirus_4,0.0
Aguacate_virus,0.0
Crimean_Congo_hemorrhagic_fever_virus,0.0
Macaque_simian_foamy_virus,0.0
Sweet_potato_caulimo_like_virus,0.0
Walrus_calicivirus,0.0
Rotavirus_C,0.0
Thielaviopsis_basicola_mitovirus,0.0
Carrot_red_leaf_virus,0.0
Feline_bocavirus,0.0
Broome_virus,0.0
Primula_malacoides_virus_China_Mar2007,0.0
Helicoverpa_armigera_stunt_virus,0.0
Simian_foamy_virus,0.0
Gloeobacter_unclassified,0.0
Serinicoccus_unclassified,0.0
Cupriavidus_unclassified,0.0
Salinispora_unclassified,0.0
Thermodesulfatator_unclassified,0.0
Fort_Morgan_virus,0.0
Enterobacteria_phage_HK542,0.0
Gyrovirus_4,0.0
Equid_herpesvirus_1,0.0
Nemesia_ring_necrosis_virus,0.0
Tomato_mottle_mosaic_virus,0.0
Taylorella_unclassified,0.0
Myxococcus_unclassified,0.0
Sulfurospirillum_unclassified,0.0
Citrus_variegation_virus,0.0
Methanothermobacter_unclassified,0.0
Thermoanaerobacterium_unclassified,0.0
Ajellomyces_unclassified,0.0
Erysipelothrix_unclassified,0.0
Nitrosomonas_unclassified,0.0
Kocuria_unclassified,0.0
Archaeoglobus_unclassified,0.0
Euryarchaeota_noname_unclassified,0.0
Thermanaerovibrio_unclassified,0.0
Thermus_unclassified,0.0
Brevundimonas_unclassified,0.0
Brachybacterium_unclassified,0.0
Paracoccus_unclassified,0.0
Halococcus_unclassified,0.0
Natrinema_unclassified,0.0
Melon_chlorotic_mosaic_virus,0.0
Turnip_yellow_mosaic_virus,0.0
Asclepias_asymptomatic_virus,0.0
Andean_potato_latent_virus,0.0
Aichivirus_B,0.0
Diuris_virus_A,0.0
Human_cosavirus_B,0.0
Marinobacter_unclassified,0.0
Wasabi_mottle_virus,0.0
Apple_latent_spherical_virus,0.0
Photobacterium_unclassified,0.0
Semliki_forest_virus,0.0
Azospirillum_unclassified,0.0
Avian_myelocytomatosis_virus,0.0
Leucobacter_unclassified,0.0
Torque_teno_virus_8,0.0
Porcine_stool_associated_circular_virus_2,0.0
Turdivirus_3,0.0
Rabbit_vesivirus,0.0
Shewanella_unclassified,0.0
Metallosphaera_unclassified,0.0
Gluconobacter_unclassified,0.0
Listeria_unclassified,0.0
Sinorhizobium_unclassified,0.0
Cellulomonas_unclassified,0.0
Ochrobactrum_unclassified,0.0
Thermaerobacter_unclassified,0.0
Rubrivivax_unclassified,0.0
Schizosaccharomyces_unclassified,0.0
Cotton_leafroll_dwarf_virus,0.0
Actinomyces_sp_oral_taxon_448,0.0
Terriglobus_unclassified,0.0
Propionibacterium_phage_PAS50,0.0
Staphylococcus_lentus,0.0
Gayfeather_mild_mottle_virus,0.0
Tai_Forest_ebolavirus,0.0
Casphalia_extranea_densovirus,0.0
Botrytis_virus_F,0.0
Amasya_cherry_disease_associated_chrysovirus,0.0
Peanut_witches_broom_phytoplasma,0.0
Sclerotinia_sclerotiorum_hypovirulence_associated_DNA_virus_1,0.0
Canine_distemper_virus,0.0
Rosellinia_necatrix_virus_1,0.0
Mapuera_virus,0.0
Sesbania_mosaic_virus,0.0
Streptococcus_phage_TP_778L,0.0
Halomonas_unclassified,0.0
Spiroplasma_taiwanense,0.0
Rickettsia_australis,0.0
Leptospira_kirschneri,0.0
Lactobacillus_hilgardii,0.0
Spiroplasma_melliferum,0.0
Leptospira_weilii,0.0
Bean_leafroll_virus,0.0
Methanocaldococcus_jannaschii,0.0
alpha_proteobacterium_HIMB5,0.0
Eimeria_brunetti_RNA_virus_1,0.0
Tupaia_paramyxovirus,0.0
Circulifer_tenellus_virus_1,0.0
Candidatus_Nitrosoarchaeum_limnia,0.0
African_green_monkey_simian_foamy_virus,0.0
Xenopus_laevis_endogenous_retrovirus_Xen1,0.0
Turnip_ringspot_virus,0.0
Mopeia_virus,0.0
Poinsettia_latent_virus,0.0
Ngaingan_virus,0.0
Murrumbidgee_virus,0.0
Penicillium_stoloniferum_virus_F,0.0
Beet_soil_borne_virus,0.0
Measles_virus,0.0
Infectious_bursal_disease_virus,0.0
Pineapple_mealybug_wilt_associated_virus_1,0.0
Impatiens_necrotic_spot_virus,0.0
Enterobacteria_phage_Qbeta,0.0
Helminthosporium_victoriae_virus_190S,0.0
Clostridium_colicanis,0.0
Rickettsia_rhipicephali,0.0
Buchnera_aphidicola,0.0
Rickettsia_conorii,0.0
Human_cyclovirus_VS5700009,0.0
Humulus_japonicus_latent_virus,0.0
Reticuloendotheliosis_virus,0.0
Halastavi_arva_RNA_virus,0.0
Borrelia_garinii,0.0
Candiru_virus,0.0
J_virus,0.0
Porcine_bocavirus_3,0.0
Wallal_virus,0.0
Avian_paramyxovirus_6,0.0
Mycoreovirus_1,0.0
Vibrio_phage_VfO3K6,0.0
Banana_streak_virus,0.0
Pepper_chat_fruit_viroid,0.0
Dahlia_latent_viroid,0.0
Sugarcane_streak_Reunion_virus,0.0
Tomato_yellow_leaf_curl_Thailand_virus,0.0
Celery_mosaic_virus,0.0
Beet_curly_top_Iran_virus,0.0
Enterobacteria_phage_T3,0.0
Staphylococcus_phage_phiETA2,0.0
Grapevine_Pinot_gris_virus,0.0
Yam_mild_mosaic_virus,0.0
Mycobacterium_phage_244,0.0
Staphylococcus_phage_vB_SauM_Romulus,0.0
Leptotrichia_hofstadii,0.0
Bat_circovirus,0.0
Tomato_begomovirus_satellite_DNA_beta,0.0
Honeysuckle_yellow_vein_Japan_betasatellite,0.0
Elm_mottle_virus,0.0
Pepper_yellow_leaf_curl_Indonesia_virus,0.0
Lagos_bat_virus,0.0
Tomato_spotted_wilt_virus,0.0
Maize_necrotic_streak_virus,0.0
Digitaria_ciliaris_striate_mosaic_virus,0.0
Blackberry_virus_E,0.0
Soybean_yellow_common_mosaic_virus,0.0
Duck_parvovirus,0.0
Mycobacterium_phage_Cali,0.0
Citrus_leaf_rugose_virus,0.0
Sri_Lankan_cassava_mosaic_virus,0.0
Gracilibacillus_unclassified,0.0
Proteus_penneri,0.0
Acyrthosiphon_pisum_virus,0.0
Burkholderia_rhizoxinica,0.0
Peptoniphilus_timonensis,0.0
SAR86_cluster_bacterium_SAR86D,0.0
Mycoplasma_cynos,0.0
Brachyspira_pilosicoli,0.0
Francisella_noatunensis,0.0
Rickettsia_helvetica,0.0
Alicycliphilus_unclassified,0.0
Rickettsia_montanensis,0.0
Polaribacter_irgensii,0.0
Bartonella_clarridgeiae,0.0
Ground_squirrel_hepatitis_virus,0.0
Mycobacterium_phage_Orion,0.0
Acidaminococcus_sp_HPA0509,0.0
Saccharopolyspora_unclassified,0.0
Leuconostoc_inhae,0.0
Rickettsia_akari,0.0
Trichormus_azollae,0.0
Bartonella_rattaustraliani,0.0
Bartonella_birtlesii,0.0
Plasmodium_yoelii,0.0
Plasmodium_berghei,0.0
Bartonella_taylorii,0.0
Rickettsia_rickettsii,0.0
Neorickettsia_sennetsu,0.0
Rickettsia_endosymbiont_of_Bemisia_tabaci,0.0
Enterobacteria_phage_BA14,0.0
Snakehead_retrovirus,0.0
Changuinola_virus,0.0
Gallid_herpesvirus_3,0.0
Sugarcane_streak_mosaic_virus,0.0
Zygosaccharomyces_bailii_virus_Z,0.0
Cetacean_morbillivirus,0.0
Bluetongue_virus,0.0
Sowbane_mosaic_virus,0.0
Indian_citrus_ringspot_virus,0.0
Finch_polyomavirus,0.0
Equus_ferus_caballus_papillomavirus_type_4,0.0
Maize_mosaic_virus,0.0
Sudan_ebolavirus,0.0
Camelus_dromedarius_papillomavirus_type_1,0.0
Dugbe_virus,0.0
White_bream_virus,0.0
Avian_carcinoma_virus,0.0
Brome_mosaic_virus,0.0
Bocavirus_gorilla_GBoV1_2009,0.0
Taro_bacilliform_virus,0.0
Human_immunodeficiency_virus_2,0.0
Aedes_pseudoscutellaris_reovirus,0.0
Simian_virus_41,0.0
UR2_sarcoma_virus,0.0
Mobuck_virus,0.0
Pelargonium_zonate_spot_virus,0.0
Equine_infectious_anemia_virus,0.0
Ryegrass_mottle_virus,0.0
Mink_calicivirus,0.0
Bovine_foamy_virus,0.0
Brazoran_virus,0.0
Irkut_virus,0.0
Pseudomonas_phage_YuA,0.0
Tulare_apple_mosaic_virus,0.0
Beak_and_feather_disease_virus,0.0
Bettongia_penicillata_papillomavirus_1,0.0
Turnip_rosette_virus,0.0
Pseudomonas_phage_LBL3,0.0
Enterobacteria_phage_mEpX1,0.0
Botryotinia_fuckeliana_partitivirus_1,0.0
Chloris_striate_mosaic_virus,0.0
Banana_streak_UL_virus,0.0
Luffa_yellow_mosaic_virus,0.0
Corynebacterium_sp_KPL1855,0.0
Maize_Iranian_mosaic_virus,0.0
Rose_rosette_virus,0.0
Bacteroides_fluxus,0.0
Pothos_latent_virus,0.0
Penaeus_vannamei_nodavirus,0.0
BK_polyomavirus,0.0
Pea_enation_mosaic_virus_2,0.0
Borna_disease_virus,0.0
Avian_metapneumovirus,0.0
Rosa_rugosa_leaf_distortion_virus,0.0
Nodamura_virus,0.0
Chaetoceros_salsugineum_DNA_virus,0.0
Horsegram_yellow_mosaic_virus,0.0
Sugarcane_streak_Egypt_virus,0.0
Fiji_disease_virus,0.0
Vesicular_stomatitis_Indiana_virus,0.0
Lactobacillus_phage_J_1,0.0
Peanut_chlorotic_streak_virus,0.0
Southern_rice_black_streaked_dwarf_virus,0.0
Coprobacillus_sp_D6,0.0
Santeuil_nodavirus,0.0
Nerine_virus_X,0.0
Diaporthe_ambigua_RNA_virus_1,0.0
Apple_mosaic_virus,0.0
Human_parainfluenza_virus_2,0.0
Piscine_myocarditis_virus_AL_V_708,0.0
Porcine_astrovirus_3,0.0
Papaya_mosaic_virus,0.0
Tobacco_necrosis_satellite_virus,0.0
Plum_bark_necrosis_stem_pitting_associated_virus,0.0
Bovine_immunodeficiency_virus,0.0
Mycobacterium_phage_Ardmore,0.0
Tomato_zonate_spot_virus,0.0
Beet_cryptic_virus_1,0.0
Clostridium_phage_phiCP26F,0.0
Duck_circovirus,0.0
Mycobacterium_phage_Dumbo,0.0
Squash_vein_yellowing_virus,0.0
Sunflower_chlorotic_mottle_virus,0.0
Lupine_mosaic_virus,0.0
Blautia_sp_KLE_1732,0.0
Bacteroides_sp_2_2_4,0.0
Mogibacterium_sp_CM50,0.0
Prevotella_sp_MSX73,0.0
Methanotorris_unclassified,0.0
Allpahuayo_virus,0.0
Porcine_rubulavirus,0.0
Beet_mosaic_virus,0.0
Peach_latent_mosaic_viroid,0.0
Banana_streak_UI_virus,0.0
Coleus_blumei_viroid,0.0
Bear_Canyon_virus,0.0
Freesia_mosaic_virus,0.0
Staphylococcus_phage_77,0.0
Zantedeschia_mild_mosaic_virus,0.0
Bacteroides_sp_D20,0.0
Wolbachia_endosymbiont_of_Nasonia_vitripennis,0.0
Porphyromonas_cansulci,0.0
Labrenzia_unclassified,0.0
Microbulbifer_unclassified,0.0
Wolbachia_endosymbiont_of_Culex_pipiens_molestus,0.0
Torque_teno_virus_15,0.0
Lloviu_virus,0.0
Dill_cryptic_virus_2,0.0
Acheta_domesticus_mini_ambidensovirus,0.0
Rose_yellow_vein_virus,0.0
Soybean_chlorotic_blotch_virus,0.0
Clerodendrum_golden_mosaic_virus,0.0
Myzus_persicae_densovirus,0.0
Diatraea_saccharalis_densovirus,0.0
Cercopithecine_herpesvirus_2,0.0
Pea_enation_mosaic_virus_satellite_RNA,0.0
Staphylococcus_phage_ROSA,0.0
Ononis_yellow_mosaic_virus,0.0
Enterobacteria_phage_ID2_Moscow_ID_2001,0.0
Staphylococcus_phage_phiETA3,0.0
Salmonella_phage_phiSG_JL2,0.0
Methylotenera_unclassified,0.0
Chimpanzee_polyomavirus,0.0
Lettuce_ring_necrosis_virus,0.0
Torque_teno_virus_4,0.0
Flock_house_virus,0.0
Circovirus_like_genome_SAR_B,0.0
Orangutan_polyomavirus,0.0
Mungbean_yellow_mosaic_virus,0.0
Shigella_phage_Shfl2,0.0
Mycobacterium_phage_SiSi,0.0
Staphylococcus_phage_80alpha,0.0
Mycobacterium_phage_Phaux,0.0
Rhodobacter_phage_RC1,0.0
Staphylothermus_unclassified,0.0
Thioalkalimicrobium_unclassified,0.0
Borrelia_afzelii,0.0
Methylocystis_unclassified,0.0
Massilia_unclassified,0.0
Actinopolyspora_unclassified,0.0
Rickettsia_unclassified,0.0
Exiguobacterium_unclassified,0.0
Aphid_lethal_paralysis_virus,0.0
Sphingobacterium_unclassified,0.0
Tomato_black_ring_virus,0.0
Red_clover_mottle_virus,0.0
Clerodendrum_golden_mosaic_China_virus,0.0
Ramie_mosaic_virus,0.0
Cleome_leaf_crumple_virus,0.0
Soil_borne_wheat_mosaic_virus,0.0
Sporobolus_striate_mosaic_virus_2,0.0
Psychroflexus_unclassified,0.0
Sin_Nombre_virus,0.0
Murine_osteosarcoma_virus,0.0
Tacaribe_virus,0.0
Border_disease_virus,0.0
Sweetpotato_badnavirus_B,0.0
Raven_circovirus,0.0
Enterobacteria_phage_M,0.0
Mycobacterium_phage_ScottMcG,0.0
Tomato_leaf_curl_Philippine_betasatellite,0.0
Chicory_yellow_mottle_virus_large_satellite_RNA,0.0
Lactobacillus_versmoldensis,0.0
Begomovirus_associated_DNA_III,0.0
Coconut_cadang_cadang_viroid,0.0
Synechococcus_phage_S_RIP2,0.0
Barley_yellow_dwarf_virus,0.0
Hirschia_unclassified,0.0
Thalassospira_unclassified,0.0
Segniliparus_unclassified,0.0
Anaerobaculum_unclassified,0.0
Candida_unclassified,0.0
Zetaproteobacteria_noname_unclassified,0.0
Desulfobacter_unclassified,0.0
Feline_calicivirus,0.0
Potato_aucuba_mosaic_virus,0.0
Cryphonectria_hypovirus_1,0.0
Carnation_mottle_virus,0.0
Citrus_psorosis_virus,0.0
Leishmania_RNA_virus_1_1,0.0
Mirafiori_lettuce_big_vein_virus,0.0
Mycobacterium_phage_Angel,0.0
Alfalfa_mosaic_virus,0.0
Goose_parvovirus,0.0
Chalara_elegans_RNA_Virus_1,0.0
Menangle_virus,0.0
Amasya_cherry_disease_associated_mycovirus,0.0
Cadicivirus_A,0.0
Maize_fine_streak_virus,0.0
Lujo_virus,0.0
Sclerophthora_macrospora_virus_B,0.0
Staphylococcus_phage_phi5967PVL,0.0
Murine_pneumotropic_virus,0.0
Propionibacterium_phage_P14_4,0.0
Mycobacterium_phage_U2,0.0
Apple_dimple_fruit_viroid,0.0
Tomato_black_ring_virus_satellite_RNA,0.0
Tamiami_virus,0.0
Mannheimia_phage_phiMHaA1,0.0
Mycobacterium_phage_Cjw1,0.0
Coconut_tinangaja_viroid,0.0
Blattabacterium_sp_Periplaneta_americana,0.0
Propionibacterium_phage_PA6,0.0
Staphylococcus_phage_SAP_26,0.0
Parabacteroides_sp_20_3,0.0
Propionibacterium_humerusii,0.0
Borrelia_valaisiana,0.0
Oceanicola_unclassified,0.0
Rickettsia_honei,0.0
Sclerotinia_sclerotiorum_partitivirus_S,0.0
Burkholderia_phage_phiE202,0.0
Pichinde_virus,0.0
Tomato_leaf_curl_virus_satellite,0.0
Florida_woods_cockroach_associated_cyclovirus,0.0
Cyclovirus_VN,0.0
Mycobacterium_phage_Halo,0.0
Grapevine_red_blotch_associated_virus,0.0
Mycobacterium_phage_Quink,0.0
Staphylococcus_phage_StauST398_2,0.0
Apium_virus_Y,0.0
Staphylococcus_phage_phi2958PVL,0.0
Chapare_virus,0.0
Rhizoctonia_solani_virus_717,0.0
Mycovirus_FusoV,0.0
Chaetoceros_tenuissimus_DNA_virus,0.0
Asticcacaulis_unclassified,0.0
Marburg_marburgvirus,0.0
Grapevine_virus_A,0.0
Torque_teno_mini_virus_1,0.0
Curvularia_thermal_tolerance_virus,0.0
Cymbidium_ringspot_virus,0.0
Minute_virus_of_mice,0.0
Raphanus_sativus_cryptic_virus_1,0.0
Felis_catus_papillomavirus_4,0.0
Porcine_parvovirus_4,0.0
Pelargonium_flower_break_virus,0.0
Machupo_virus,0.0
Isfahan_virus,0.0
Reston_ebolavirus,0.0
Andes_virus,0.0
Diplodia_scrobiculata_RNA_virus_1,0.0
CAS_virus,0.0
Dyodeltapapillomavirus_1,0.0
Mycobacterium_abscessus,0.0
Gordonia_malaquae,0.0
Burkholderia_xenovorans,0.0
Babesia_bovis,0.0
Sphaerobacter_thermophilus,0.0
Corynebacterium_halotolerans,0.0
Mycobacterium_kansasii,0.0
Cupriavidus_taiwanensis,0.0
Candidatus_Methylomirabilis_oxyfera,0.0
Candidatus_Korarchaeum_cryptofilum,0.0
Propionibacterium_avidum,0.0
Prevotella_oralis,0.0
Gemmatimonas_aurantiaca,0.0
Actinobacillus_minor,0.0
Acidiphilium_cryptum,0.0
Haliangium_ochraceum,0.0
Pseudomonas_geniculata,0.0
Malassezia_globosa,0.0
Leptonema_illini,0.0
Neisseria_bacilliformis,0.0
Brevibacillus_panacihumi,0.0
Sphaeropsis_sapinea_RNA_virus_2,0.0
Rubella_virus,0.0
Torque_teno_midi_virus_2,0.0
Ustilaginoidea_virens_RNA_virus_1,0.0
Tuber_aestivum_mitovirus,0.0
Koala_retrovirus,0.0
Pyrenophora_tritici_repentis,0.0
Planococcus_antarcticus,0.0
Selenomonas_artemidis,0.0
Bifidobacterium_minimum,0.0
Zymomonas_mobilis,0.0
Halomonas_titanicae,0.0
Fluviicola_taffensis,0.0
Streptomyces_collinus,0.0
Aspergillus_fumigatus,0.0
Rhizobium_freirei,0.0
Thielavia_terrestris,0.0
Thiothrix_flexilis,0.0
delta_proteobacterium_MLMS_1,0.0
Desulfotomaculum_kuznetsovii,0.0
Nectria_haematococca,0.0
Marine_Group_III_euryarchaeote_SCGC_AAA007_O11,0.0
Actinopolyspora_halophila,0.0
Amycolatopsis_orientalis,0.0
Burkholderia_dolosa,0.0
Amphritea_japonica,0.0
Clostridium_termitidis,0.0
Acaricomes_phytoseiuli,0.0
Curtobacterium_flaccumfaciens,0.0
Halomonas_jeotgali,0.0
Anaerobaculum_mobile,0.0
Acetobacter_unclassified,0.0
Xylanimonas_cellulosilytica,0.0
Bacteroidetes_bacterium_oral_taxon_272,0.0
Syntrophus_aciditrophicus,0.0
Corynebacterium_mastitidis,0.0
Thermosediminibacter_oceani,0.0
Corynebacterium_pseudogenitalium,0.0
Beijerinckia_indica,0.0
Pelagibaca_bermudensis,0.0
Treponema_primitia,0.0
Saccharomonospora_glauca,0.0
Kaistia_granuli,0.0
Coprothermobacter_proteolyticus,0.0
Geobacillus_thermodenitrificans,0.0
Halarchaeum_acidiphilum,0.0
Selenomonas_ruminantium,0.0
Haloferax_gibbonsii,0.0
Gastropod_associated_circular_ssDNA_virus,0.0
Ferroplasma_acidarmanus,0.0
Streptomyces_vitaminophilus,0.0
Alishewanella_aestuarii,0.0
Cycloclasticus_pugetii,0.0
Methylocystis_parvus,0.0
Geobacter_bemidjiensis,0.0
Microbacterium_paraoxydans,0.0
Gluconobacter_frateurii,0.0
Treponema_vincentii,0.0
Sandarakinorhabdus_limnophila,0.0
Halomonas_anticariensis,0.0
Sulfuricella_denitrificans,0.0
Agrobacterium_vitis,0.0
Teredinibacter_turnerae,0.0
Mamastrovirus_10,0.0
Drosophila_A_virus,0.0
Bat_adeno_associated_virus_YNM,0.0
Xanthophyllomyces_dendrorhous_virus_L1A,0.0
Ophiostoma_mitovirus_3a,0.0
Roseovarius_nubinhibens,0.0
Ochrobactrum_intermedium,0.0
Streptosporangium_roseum,0.0
Thermococcus_gammatolerans,0.0
Flavobacteriaceae_bacterium_3519_10,0.0
Pelodictyon_phaeoclathratiforme,0.0
Corynebacterium_jeikeium,0.0
Streptomyces_venezuelae,0.0
Pseudomonas_gingeri,0.0
Bartonella_washoensis,0.0
Gordonia_namibiensis,0.0
Streptomyces_xinghaiensis,0.0
Segniliparus_rugosus,0.0
Halorubrum_hochstenium,0.0
Desulfobacula_toluolica,0.0
Leucobacter_salsicius,0.0
gamma_proteobacterium_IMCC3088,0.0
Desulfomicrobium_baculatum,0.0
Acidovorax_delafieldii,0.0
Pirellula_staleyi,0.0
Rhodococcus_triatomae,0.0
Candidatus_Uzinura_diaspidicola,0.0
Actinoplanes_friuliensis,0.0
Actinomyces_neuii,0.0
Arthrobacter_crystallopoietes,0.0
Nocardioides_unclassified,0.0
Singulisphaera_acidiphila,0.0
Mycobacterium_yongonense,0.0
Afipia_felis,0.0
Bacillus_selenitireducens,0.0
Eimeria_tenella,0.0
zeta_proteobacterium_SCGC_AB_604_O16,0.0
Micrococcus_luteus,0.0
Alicyclobacillus_pohliae,0.0
Gordonia_hirsuta,0.0
Desulfococcus_multivorans,0.0
Plectrovirus_unclassified,0.0
marine_gamma_proteobacterium_HTCC2080,0.0
Erythrovirus_unclassified,0.0
Kocuria_rhizophila,0.0
Thermus_thermophilus,0.0
Janthinobacterium_lividum,0.0
Glaciibacter_superstes,0.0
Plasmodium_knowlesi,0.0
Paenibacillus_daejeonensis,0.0
Corynebacterium_pseudodiphtheriticum,0.0
Deinococcus_gobiensis,0.0
Microbulbifer_agarilyticus,0.0
Curtobacterium_ginsengisoli,0.0
Azorhizobium_caulinodans,0.0
Planctomyces_brasiliensis,0.0
Thermomonospora_curvata,0.0
Lodderomyces_elongisporus,0.0
Lachnospiraceae_oral_taxon_107,0.0
Caulobacter_vibrioides,0.0
Treponema_denticola,0.0
Nocardiopsis_alba,0.0
Acetobacter_pasteurianus,0.0
Aeromonas_hydrophila,0.0
Gordonia_aichiensis,0.0
Natrialba_magadii,0.0
Nonomuraea_coxensis,0.0
zeta_proteobacterium_SCGC_AB_137_C09,0.0
Raspberry_ringspot_virus,0.0
Brucella_ovis,0.0
Corynebacterium_accolens,0.0
Opitutus_terrae,0.0
Rosellinia_necatrix_megabirnavirus_1,0.0
Cronobacter_turicensis,0.0
Methyloversatilis_unclassified,0.0
Saccharomonospora_azurea,0.0
Azospirillum_amazonense,0.0
Phaeospirillum_fulvum,0.0
Novosphingobium_aromaticivorans,0.0
Thiorhodospira_sibirica,0.0
Prochlorothrix_hollandica,0.0
Hyphomicrobium_nitrativorans,0.0
Halorhabdus_tiamatea,0.0
zeta_proteobacterium_SCGC_AB_602_C20,0.0
Enterobacter_asburiae,0.0
Grapevine_endophyte_endornavirus,0.0
Pseudoclavibacter_faecalis,0.0
Candidatus_Koribacter_versatilis,0.0
Encephalitozoon_hellem,0.0
Dechloromonas_aromatica,0.0
Acidimicrobium_ferrooxidans,0.0
Burkholderia_phymatum,0.0
Marinimicrobia_bacterium_SCGC_AAA160_C11,0.0
Mycobacterium_orygis,0.0
Corynebacterium_caspium,0.0
Thermobacillus_composti,0.0
Torque_teno_virus_10,0.0
Chandipura_virus,0.0
Torque_teno_virus_6,0.0
Rhodococcus_pyridinivorans,0.0
St_Croix_River_virus,0.0
Aichivirus_C,0.0
Tomato_aspermy_virus,0.0
Mycobacterium_ulcerans,0.0
Rhodospirillum_photometricum,0.0
Exiguobacterium_sibiricum,0.0
Thermus_aquaticus,0.0
Thiocystis_violascens,0.0
Natronomonas_pharaonis,0.0
Phaeobacter_inhibens,0.0
Thermotoga_neapolitana,0.0
Cenarchaeum_symbiosum,0.0
Herbaspirillum_frisingense,0.0
Sphaeropsis_sapinea_RNA_virus_1,0.0
Bordetella_avium,0.0
Alteromonas_macleodii,0.0
Leptospirillum_ferrooxidans,0.0
Brevundimonas_abyssalis,0.0
Deinococcus_apachensis,0.0
Geobacillus_thermoglucosidasius,0.0
Ornithinimicrobium_pekingense,0.0
Lentisphaera_araneosa,0.0
Brevundimonas_subvibrioides,0.0
Pseudomonas_extremaustralis,0.0
Bordetella_holmesii,0.0
Haloarcula_californiae,0.0
Spirosoma_linguale,0.0
Pseudomonas_thermotolerans,0.0
Desulfitobacterium_dehalogenans,0.0
Corynebacterium_ciconiae,0.0
Chitinophaga_pinensis,0.0
Desulfobacca_acetoxidans,0.0
Dyella_japonica,0.0
Sinorhizobium_meliloti,0.0
Halomicrobium_mukohataei,0.0
Neisseria_sicca,0.0
Nitrobacter_hamburgensis,0.0
Runella_slithyformis,0.0
Pusillimonas_noertemannii,0.0
Nocardia_farcinica,0.0
Sphingomonas_echinoides,0.0
Pseudomonas_putida,0.0
Citrobacter_youngae,0.0
Dysgonomonas_gadei,0.0
Emticicia_oligotrophica,0.0
Rhizobium_lupini,0.0
Marinimicrobia_bacterium_JGI_0000039_D08,0.0
Acidiphilium_multivorum,0.0
Methanocella_paludicola,0.0
Haloterrigena_thermotolerans,0.0
Arthroderma_gypseum,0.0
actinobacterium_SCGC_AAA044_N04,0.0
Sphingobium_quisquiliarum,0.0
Pyrobaculum_arsenaticum,0.0
Mesoflavibacter_zeaxanthinifaciens,0.0
Thermus_islandicus,0.0
Bacillus_fordii,0.0
Ilumatobacter_coccineus,0.0
Cecembia_lonarensis,0.0
Burkholderia_lata,0.0
Broad_bean_wilt_virus_1,0.0
Bundibugyo_ebolavirus,0.0
Luna_virus,0.0
Blackcurrant_reversion_virus_satellite_RNA,0.0
Mud_crab_dicistrovirus,0.0
Dendrolimus_punctatus_densovirus,0.0
Discula_destructiva_virus_2,0.0
Cryphonectria_hypovirus_2,0.0
Mycobacterium_phage_Rizal,0.0
Stretch_Lagoon_orbivirus,0.0
Postia_placenta,0.0
Desulfomonile_tiedjei,0.0
SAR116_cluster_alpha_proteobacterium_HIMB100,0.0
Desulfonatronospira_thiodismutans,0.0
Oceanicaulis_alexandrii,0.0
Centipeda_periodontii,0.0
Halorubrum_aidingense,0.0
SAR324_cluster_bacterium_JCVI_SC_AAA005,0.0
Enterovibrio_norvegicus,0.0
Marinobacter_hydrocarbonoclasticus,0.0
Syntrophomonas_wolfei,0.0
Veillonella_ratti,0.0
Scheffersomyces_stipitis,0.0
Leptosphaeria_maculans,0.0
Xanthomonas_euvesicatoria,0.0
Hyphomicrobium_denitrificans,0.0
Riemerella_columbina,0.0
Deinococcus_proteolyticus,0.0
Streptomyces_auratus,0.0
Alloiococcus_otitis,0.0
Nitrosococcus_watsonii,0.0
Methanolobus_tindarius,0.0
Rheinheimera_nanhaiensis,0.0
Gluconacetobacter_europaeus,0.0
Pseudomonas_synxantha,0.0
Stackebrandtia_nassauensis,0.0
Helicobacter_mustelae,0.0
Asticcacaulis_excentricus,0.0
Chlamydophila_felis,0.0
Pseudaminobacter_salicylatoxidans,0.0
Chlamydophila_caviae,0.0
Gordonia_alkanivorans,0.0
Selenomonas_infelix,0.0
Haloferax_volcanii,0.0
Podospora_anserina,0.0
Geobacter_lovleyi,0.0
Neptuniibacter_caesariensis,0.0
Vibrio_breoganii,0.0
Luz24likevirus_unclassified,0.0
Alicyclobacillus_hesperidum,0.0
Aspergillus_clavatus,0.0
Spirosoma_luteum,0.0
Aquaspirillum_serpens,0.0
Ikoma_lyssavirus,0.0
Geobacillus_kaustophilus,0.0
Meiothermus_silvanus,0.0
Hymenobacter_norwichensis,0.0
Sulfobacillus_acidophilus,0.0
Mycoplasma_capricolum,0.0
Phytophthora_endornavirus_1,0.0
Methylibium_petroleiphilum,0.0
Porphyromonas_gulae,0.0
Prevotella_maculosa,0.0
Amycolatopsis_alba,0.0
Xanthomonas_gardneri,0.0
Helicoverpa_armigera_nucleopolyhedrovirus,0.0
Coccidioides_posadasii,0.0
Dietzia_alimentaria,0.0
Mycobacterium_mageritense,0.0
Microbacterium_laevaniformans,0.0
Frankia_symbiont_of_Datisca_glomerata,0.0
Gilvimarinus_chinensis,0.0
Lysinibacillus_fusiformis,0.0
Rhodococcus_ruber,0.0
zeta_proteobacterium_SCGC_AB_133_G06,0.0
Thauera_terpenica,0.0
Corynebacterium_glucuronolyticum,0.0
Leifsonia_aquatica,0.0
Methylobacterium_mesophilicum,0.0
Pseudomonas_plecoglossicida,0.0
Halomonas_boliviensis,0.0
Gallibacterium_anatis,0.0
Hahella_ganghwensis,0.0
Planctomyces_maris,0.0
Reinekea_blandensis,0.0
Vibrio_furnissii,0.0
Treponema_lecithinolyticum,0.0
Dyadobacter_fermentans,0.0
Aeromonas_caviae,0.0
Tetrapisispora_phaffii,0.0
Demetria_terragena,0.0
Tolumonas_auensis,0.0
Brevibacterium_mcbrellneri,0.0
Afipia_broomeae,0.0
Pseudomonas_psychrophila,0.0
Streptomyces_viridosporus,0.0
Clostridium_ljungdahlii,0.0
Vibrio_vulnificus,0.0
Amycolicicoccus_subflavus,0.0
Chromohalobacter_salexigens,0.0
Cylindrospermum_stagnale,0.0
Halobacterium_unclassified,0.0
Serratia_marcescens,0.0
Bacillus_infantis,0.0
Synechocystis_sp_PCC_6803,0.0
Eremococcus_coleocola,0.0
Halobiforma_nitratireducens,0.0
Mycobacterium_tusciae,0.0
Halorubrum_litoreum,0.0
Spirochaeta_smaragdinae,0.0
Algoriphagus_machipongonensis,0.0
Actinomyces_coleocanis,0.0
Streptomyces_coelicolor,0.0
Gordonia_rubripertincta,0.0
Hymenobacter_aerophilus,0.0
Prevotella_micans,0.0
Thermobaculum_terrenum,0.0
Francisella_tularensis,0.0
Neurospora_crassa,0.0
Lachancea_thermotolerans,0.0
Ustilago_maydis,0.0
Echinicola_pacifica,0.0
Bradyrhizobium_oligotrophicum,0.0
Natronococcus_occultus,0.0
Rhizobium_gallicum,0.0
Eudoraea_adriatica,0.0
Streptomyces_ghanaensis,0.0
Polaromonas_naphthalenivorans,0.0
Caldilinea_aerophila,0.0
Streptomyces_himastatinicus,0.0
Pectobacterium_carotovorum,0.0
Candidatus_Pelagibacter_ubique,0.0
Pseudoalteromonas_rubra,0.0
Nocardia_cyriacigeorgica,0.0
Methylobacterium_radiotolerans,0.0
Avian_encephalomyelitis_virus,0.0
Oropouche_virus,0.0
Circovirus_like_genome_RW_D,0.0
Massilia_timonae,0.0
Fusarium_graminearum_dsRNA_mycovirus_3,0.0
Avipoxvirus_unclassified,0.0
Drosophila_C_virus,0.0
Human_parvovirus_4,0.0
Atkinsonella_hypoxylon_virus,0.0
Barbel_circovirus,0.0
Bovine_parvovirus,0.0
Magnaporthe_oryzae_chrysovirus_1,0.0
Woodsholea_maritima,0.0
Dethiosulfovibrio_peptidovorans,0.0
Methanolinea_tarda,0.0
Gordonia_polyisoprenivorans,0.0
Bradyrhizobium_diazoefficiens,0.0
Kribbella_catacumbae,0.0
Pleurotus_ostreatus_virus_1,0.0
Methyloferula_stellata,0.0
Thioalkalimicrobium_cyclicum,0.0
Nocardiopsis_salina,0.0
Sphingopyxis_baekryungensis,0.0
Yersinia_bercovieri,0.0
Schizosaccharomyces_japonicus,0.0
zeta_proteobacterium_SCGC_AB_602_E04,0.0
Collimonas_fungivorans,0.0
Spring_viraemia_of_carp_virus,0.0
Circovirus_like_genome_BBC_A,0.0
Porcine_partetravirus,0.0
Influenza_A_virus,0.0
Chicken_astrovirus,0.0
Leifsonia_xyli,0.0
Alternaria_alternata_virus_1,0.0
Chinese_yam_necrotic_mosaic_virus,0.0
Human_parainfluenza_virus_3,0.0
Robiginitomaculum_antarcticum,0.0
Desulfovibrio_magneticus,0.0
Saccharothrix_espanaensis,0.0
Halococcus_saccharolyticus,0.0
Kineosphaera_limosa,0.0
Halovivax_asiaticus,0.0
Nakamurella_multipartita,0.0
Methylophilus_methylotrophus,0.0
Haloferax_sulfurifontis,0.0
Escherichia_hermannii,0.0
Enterovirus_A,0.0
Flavobacterium_cauense,0.0
Aquamavirus_A,0.0
marine_actinobacterium_PHSC20C1,0.0
Sphingobium_lactosutens,0.0
Cohnella_laeviribosi,0.0
Burkholderia_phenoliruptrix,0.0
Halothiobacillus_neapolitanus,0.0
Candida_dubliniensis,0.0
Aurantimonas_manganoxydans,0.0
Anaerolinea_thermophila,0.0
Clostridiales_genomosp_BVAB3,0.0
Nocardia_asteroides,0.0
Methyloglobulus_morosus,0.0
Saccharopolyspora_erythraea,0.0
Microbacterium_testaceum,0.0
Hydrogenobacter_thermophilus,0.0
Lutibaculum_baratangense,0.0
Pseudomonas_fulva,0.0
Erwinia_pyrifoliae,0.0
Wenxinia_marina,0.0
Encephalitozoon_intestinalis,0.0
Prevotella_nanceiensis,0.0
Frankia_alni,0.0
Thermovibrio_ammonificans,0.0
Thioalkalivibrio_versutus,0.0
SAR202_cluster_bacterium_SCGC_AAA240_N13,0.0
Corynebacterium_resistens,0.0
Paracoccus_aminophilus,0.0
Sphingobium_indicum,0.0
Anaplasma_marginale,0.0
Actinobaculum_urinale,0.0
Thermomicrobium_roseum,0.0
Thermaerobacter_subterraneus,0.0
Polymorphum_gilvum,0.0
Loktanella_cinnabarina,0.0
Actinomadura_flavalba,0.0
Paenibacillus_ginsengihumi,0.0
Mycobacterium_vanbaalenii,0.0
zeta_proteobacterium_SCGC_AB_604_B04,0.0
Ponticaulis_koreensis,0.0
Oscillibacter_valericigenes,0.0
Salinibacter_ruber,0.0
Agromyces_italicus,0.0
Sphaerochaeta_coccoides,0.0
Salinispora_arenicola,0.0
Thermoproteus_uzoniensis,0.0
Spiribacter_salinus,0.0
Pseudoxanthomonas_suwonensis,0.0
Tistrella_mobilis,0.0
Ljungan_virus,0.0
Rio_Bravo_virus,0.0
Erwinia_billingiae,0.0
Haloferax_alexandrinus,0.0
Bovine_hungarovirus,0.0
Hahella_chejuensis,0.0
Pyrococcus_abyssi,0.0
Arthrobacter_chlorophenolicus,0.0
Pelobacter_propionicus,0.0
Thermus_scotoductus,0.0
Himetobi_P_virus,0.0
Saccharomonospora_viridis,0.0
Rhodobacterales_bacterium_Y4I,0.0
Borrelia_bavariensis,0.0
Gluconobacter_thailandicus,0.0
Alcanivorax_dieselolei,0.0
Maricaulis_maris,0.0
Actinoplanes_missouriensis,0.0
Actinomyces_europaeus,0.0
Streptomyces_viridochromogenes,0.0
Blastopirellula_marina,0.0
Brevibacillus_borstelensis,0.0
Deinococcus_deserti,0.0
Methanoregula_boonei,0.0
Isosphaera_pallida,0.0
Actinoplanes_globisporus,0.0
Streptomyces_sulphureus,0.0
Burkholderia_cenocepacia,0.0
Viunalikevirus_unclassified,0.0
Turicella_otitidis,0.0
Bcepmulikevirus_unclassified,0.0
Pseudonocardia_dioxanivorans,0.0
Starkeya_novella,0.0
Pseudomonas_denitrificans,0.0
Marinithermus_hydrothermalis,0.0
Hyphomonas_neptunium,0.0
Bdellovibrio_bacteriovorus,0.0
Hepatitis_GB_virus_B,0.0
Actinobaculum_schaalii,0.0
Treponema_maltophilum,0.0
Sulfitobacter_unclassified,0.0
Nocardioidaceae_bacterium_Broad_1,0.0
Sphingobium_japonicum,0.0
Oscillochloris_trichoides,0.0
Haloferax_mucosum,0.0
Marinococcus_halotolerans,0.0
Labrenzia_aggregata,0.0
Thermobifida_fusca,0.0
Treponema_paraluiscuniculi,0.0
Haloferax_lucentense,0.0
Hylemonella_gracilis,0.0
Bifidobacterium_magnum,0.0
Streptomyces_rimosus,0.0
Methylococcus_capsulatus,0.0
Methanopyrus_kandleri,0.0
Xylella_fastidiosa,0.0
Thalassobacter_arenae,0.0
Spirochaeta_thermophila,0.0
Broad_bean_wilt_virus_2,0.0
Natrinema_pallidum,0.0
Moorella_thermoacetica,0.0
Spirochaeta_bajacaliforniensis,0.0
Oscillatoria_acuminata,0.0
Rhodanobacter_fulvus,0.0
Austwickia_chelonae,0.0
Shamonda_virus,0.0
Akabane_virus,0.0
Rhodospirillum_rubrum,0.0
Methylosinus_trichosporium,0.0
Streptomyces_bingchenggensis,0.0
Chloroflexus_aurantiacus,0.0
Opitutaceae_bacterium_TAV5,0.0
Pelobacter_carbinolicus,0.0
Sphingobium_baderi,0.0
Cupriavidus_necator,0.0
Cryphonectria_hypovirus_4,0.0
Roseobacter_litoralis,0.0
Streptomyces_avermitilis,0.0
Roseolovirus_unclassified,0.0
Anaerophaga_thermohalophila,0.0
Granulicella_tundricola,0.0
Methanocorpusculum_labreanum,0.0
Thiorhodococcus_drewsii,0.0
Streptomyces_sviceus,0.0
Deinococcus_aquatilis,0.0
Meiothermus_timidus,0.0
Propionibacterium_granulosum,0.0
Sphingomonas_wittichii,0.0
Blastococcus_saxobsidens,0.0
Trichomonas_vaginalis_virus_2,0.0
Kushneria_aurantia,0.0
Bean_pod_mottle_virus,0.0
Thermanaerovibrio_acidaminovorans,0.0
Turkey_gallivirus,0.0
Gracilimonas_tropica,0.0
Mycobacterium_gilvum,0.0
Candidatus_Accumulibacter_phosphatis,0.0
Spirosoma_panaciterrae,0.0
Gordonia_araii,0.0
Promicromonospora_sukumoe,0.0
Spissistilus_festinus_virus_1,0.0
Amycolatopsis_mediterranei,0.0
Streptomyces_fulvissimus,0.0
Bordetella_bronchiseptica_parapertussis,0.0
Acidilobus_saccharovorans,0.0
Rhodospirillum_centenum,0.0
Sebaldella_termitidis,0.0
Caldimonas_manganoxidans,0.0
Pannonibacter_phragmitetus,0.0
Opitutaceae_bacterium_TAV1,0.0
Brachybacterium_paraconglomeratum,0.0
Salivirus_A,0.0
Desulfovibrio_gigas,0.0
Bppunalikevirus_unclassified,0.0
Tomato_torrado_virus,0.0
Saccharomonospora_xinjiangensis,0.0
Azospirillum_brasilense,0.0
Ferrimonas_balearica,0.0
Dyadobacter_beijingensis,0.0
Corynebacterium_ulceribovis,0.0
Gloeobacter_kilaueensis,0.0
Megasphaera_sp_BV3C16_1,0.0
Columbid_circovirus,0.0
Rhizobium_leguminosarum,0.0
Junonia_coenia_densovirus,0.0
Aliivibrio_unclassified,0.0
Lactobacillus_phage_c5,0.0
Streptococcus_sp_GMD5S,0.0
Tomato_leaf_curl_Patna_betasatellite,0.0
Parvimonas_sp_oral_taxon_393,0.0
Enterobacteria_phage_I2_2,0.0
Veillonella_sp_3_1_44,0.0
Streptococcus_phage_Sfi11,0.0
Clostridium_phage_phiCP7R,0.0
Dinoroseobacter_shibae,0.0
Vibrio_phage_pYD38_A,0.0
Streptococcus_phage_Cp_1,0.0
Prevotella_sp_oral_taxon_473,0.0
Klebsiella_phage_KP36,0.0
Lactococcus_phage_asccphi28,0.0
Bean_golden_yellow_mosaic_virus,0.0
Staphylococcus_phage_phiSauS_IPLA88,0.0
Okra_mosaic_virus,0.0
Pepper_severe_mosaic_virus,0.0
Burkholderia_phage_Bcep781,0.0
Narcissus_mosaic_virus,0.0
Enterococcus_phage_phiEF24C,0.0
Quail_picornavirus_QPV1_HUN_2010,0.0
Holophaga_foetida,0.0
Shigella_phage_pSf_1,0.0
Halorubrum_lipolyticum,0.0
Saccharomonospora_marina,0.0
Oceanicola_granulosus,0.0
Acetobacteraceae_bacterium_AT_5844,0.0
Caldibacillus_debilis,0.0
Streptomyces_flavogriseus,0.0
Brachybacterium_faecium,0.0
Halosimplex_carlsbadense,0.0
Corynebacterium_nuruki,0.0
Mycobacterium_fortuitum,0.0
Verrucomicrobiae_bacterium_DG1235,0.0
Kineococcus_radiotolerans,0.0
Gluconacetobacter_diazotrophicus,0.0
Kitasatospora_setae,0.0
Propionibacterium_acidipropionici,0.0
Alicycliphilus_denitrificans,0.0
Natrinema_pellirubrum,0.0
Pseudomonas_tolaasii,0.0
Pelodictyon_luteolum,0.0
Arthrobacter_phenanthrenivorans,0.0
Stigmatella_aurantiaca,0.0
Candidatus_Chloracidobacterium_thermophilum,0.0
Desulfobulbus_propionicus,0.0
Desulfurivibrio_alkaliphilus,0.0
Pseudomonas_savastanoi,0.0
Sphingomonas_elodea,0.0
Symbiobacterium_thermophilum,0.0
Phycisphaera_mikurensis,0.0
Parvibaculum_lavamentivorans,0.0
Patulibacter_medicamentivorans,0.0
Treponema_azotonutricium,0.0
Thermanaerovibrio_velox,0.0
Actinomadura_madurae,0.0
Sphingobium_xenophagum,0.0
Deinococcus_radiodurans,0.0
Actinomycetospora_chiangmaiensis,0.0
Acidithiobacillus_thiooxidans,0.0
Magnetospirillum_magneticum,0.0
Dethiobacter_alkaliphilus,0.0
Corynebacterium_genitalium,0.0
Halorubrum_lacusprofundi,0.0
Trypanosoma_cruzi,0.0
Frateuria_aurantia,0.0
Xanthomonas_albilineans,0.0
Thermacetogenium_phaeum,0.0
Gloeobacter_violaceus,0.0
Trypanosoma_brucei,0.0
Desulfotignum_phosphitoxidans,0.0
Clostridium_ultunense,0.0
Magnetococcus_marinus,0.0
Rhodobacter_capsulatus,0.0
Geobacter_metallireducens,0.0
Tuber_melanosporum,0.0
Saccharomonospora_paurometabolica,0.0
Schizophyllum_commune,0.0
Gordonia_terrae,0.0
Crenarchaeota_archaeon_SCGC_AAA471_L14,0.0
Mycobacterium_marinum,0.0
Afipia_birgiae,0.0
Methylomicrobium_album,0.0
Aminobacterium_colombiense,0.0
Chthoniobacter_flavus,0.0
Pseudomonas_agarici,0.0
Leishmania_infantum,0.0
Salinisphaera_shabanensis,0.0
Parvularcula_bermudensis,0.0
Corynebacterium_maris,0.0
Methanoregula_formicica,0.0
Desulfovibrio_aespoeensis,0.0
Streptomyces_turgidiscabies,0.0
Aspergillus_nidulans,0.0
Thauera_phenylacetica,0.0
Rhodonellum_psychrophilum,0.0
Streptomyces_niveus,0.0
Escherichia_fergusonii,0.0
Sideroxydans_lithotrophicus,0.0
Desulfocapsa_sulfexigens,0.0
Heliobacterium_modesticaldum,0.0
Sphaerochaeta_globosa,0.0
Methanosaeta_concilii,0.0
Halomonas_zhanjiangensis,0.0
Pantoea_ananatis,0.0
Luminiphilus_syltensis,0.0
Desulfovibrio_piezophilus,0.0
Thioalkalivibrio_sulfidophilus,0.0
Streptomyces_filamentosus,0.0
Amycolatopsis_halophila,0.0
Mesotoga_prima,0.0
Tuber_aestivum_endornavirus,0.0
Desulfovibrio_alkalitolerans,0.0
Myxococcus_stipitatus,0.0
Candidatus_Halobonum_tyrrellensis,0.0
Bell_pepper_endornavirus,0.0
Salinicoccus_carnicancri,0.0
Corynebacterium_amycolatum,0.0
Methanoplanus_petrolearius,0.0
Methanoplanus_limicola,0.0
Corynebacterium_urealyticum,0.0
Mesorhizobium_ciceri,0.0
Pyrobaculum_neutrophilum,0.0
Rhodobacter_sphaeroides,0.0
Haloarcula_sinaiiensis,0.0
Thermovirga_lienii,0.0
Methanoculleus_marisnigri,0.0
Chlorobium_ferrooxidans,0.0
Marinobacterium_rhizophilum,0.0
Human_herpesvirus_4,0.0
Thauera_selenatis,0.0
Mesorhizobium_loti,0.0
Desulfovibrio_fructosivorans,0.0
Marinilabilia_salmonicolor,0.0
Mucilaginibacter_paludis,0.0
Burkholderia_glumae,0.0
Dehalobacter_unclassified,0.0
Granulibacter_bethesdensis,0.0
Corynebacterium_efficiens,0.0
Nocardia_brasiliensis,0.0
Infectious_flacherie_virus,0.0
Japanese_holly_fern_mottle_virus,0.0
Mycobacterium_indicus_pranii,0.0
Thermus_igniterrae,0.0
Xanthomonas_vasicola,0.0
Nitratireductor_pacificus,0.0
Halobiforma_lacisalsi,0.0
Halorhabdus_utahensis,0.0
Thermogladius_cellulolyticus,0.0
Xanthomonas_sacchari,0.0
Azoarcus_toluclasticus,0.0
Corynebacterium_pyruviciproducens,0.0
Rhodococcus_equi,0.0
Desulfurispirillum_indicum,0.0
Succinimonas_amylolytica,0.0
Pseudomonas_fuscovaginae,0.0
Anaeromyxobacter_dehalogenans,0.0
Perkinsus_marinus,0.0
Terriglobus_roseus,0.0
Erythrobacter_litoralis,0.0
Haloferax_larsenii,0.0
Alcanivorax_pacificus,0.0
Wolinella_succinogenes,0.0
Alkalilimnicola_ehrlichii,0.0
Thalassospira_profundimaris,0.0
Intrasporangium_calvum,0.0
Methanomethylovorans_hollandica,0.0
Paenibacillus_massiliensis,0.0
Myxococcus_fulvus,0.0
Trichophyton_verrucosum,0.0
Uliginosibacterium_gangwonense,0.0
Laccaria_bicolor,0.0
Nitratifractor_salsuginis,0.0
Laceyella_sacchari,0.0
Ignicoccus_hospitalis,0.0
Halorubrum_kocurii,0.0
Gemmata_obscuriglobus,0.0
Arthrobacter_aurescens,0.0
Fodinicurvata_sediminis,0.0
candidate_division_TG3_bacterium_ACht1,0.0
Tetrasphaera_elongata,0.0
Nitratireductor_aquibiodomus,0.0
Acidithiobacillus_ferrooxidans,0.0
Deinococcus_geothermalis,0.0
Asticcacaulis_benevestitus,0.0
Leishmania_mexicana,0.0
Trichomonas_vaginalis,0.0
Pontibacter_roseus,0.0
Sclerotinia_sclerotiorum_debilitation_associated_RNA_virus,0.0
Desulfovibrio_oxyclinae,0.0
Razdan_virus,0.0
Lautropia_mirabilis,0.0
Kyrpidia_tusciae,0.0
Fibrobacter_succinogenes,0.0
Arthrobacter_globiformis,0.0
Amycolatopsis_vancoresmycina,0.0
Allochromatium_vinosum,0.0
Chthonomonas_calidirosea,0.0
Yaniella_halotolerans,0.0
Streptomyces_tsukubaensis,0.0
Methanocella_arvoryzae,0.0
Humibacter_albus,0.0
Corynebacterium_doosanense,0.0
Amycolatopsis_balhimycina,0.0
Halyomorpha_halys_virus,0.0
Marinobacter_nanhaiticus,0.0
Loktanella_hongkongensis,0.0
Bordetella_pertussis,0.0
Oceanibulbus_indolifex,0.0
Niabella_aurantiaca,0.0
Aestuariimicrobium_kwangyangense,0.0
Mesorhizobium_metallidurans,0.0
Muricauda_ruestringensis,0.0
Eubacterium_cellulosolvens,0.0
Rubrobacter_xylanophilus,0.0
Novispirillum_itersonii,0.0
Treponema_saccharophilum,0.0
Nocardiopsis_kunsanensis,0.0
Rose_yellow_mosaic_virus,0.0
Oceanithermus_profundus,0.0
Methanofollis_liminatans,0.0
Acetobacter_aceti,0.0
Novosphingobium_lindaniclasticum,0.0
Henriciella_marina,0.0
Halorubrum_saccharovorum,0.0
Armigeres_subalbatus_virus_SaX06_AK20,0.0
Acidobacterium_capsulatum,0.0
Arthrobacter_arilaitensis,0.0
Porcine_teschovirus,0.0
Paenibacillus_fonticola,0.0
Pseudomonas_mendocina,0.0
Ralstonia_solanacearum,0.0
Pneumovirus_unclassified,0.0
Mycobacterium_vaccae,0.0
Isoptericola_variabilis,0.0
Pelagibacterium_halotolerans,0.0
Burkholderia_thailandensis,0.0
Cupriavidus_metallidurans,0.0
Achromobacter_arsenitoxydans,0.0
Clostridium_phytofermentans,0.0
Microbacterium_barkeri,0.0
Haloferax_prahovense,0.0
Flexistipes_sinusarabici,0.0
Acholeplasma_phage_MV_L1,0.0
Pseudomonas_resinovorans,0.0
Leptospira_kmetyi,0.0
Desulfitobacterium_hafniense,0.0
Treponema_pallidum,0.0
Granulicella_mallensis,0.0
Aeromicrobium_sp_JC14,0.0
Ramlibacter_tataouinensis,0.0
Candidatus_Nitrospira_defluvii,0.0
Streptomyces_griseoflavus,0.0
Tsukamurella_paurometabola,0.0
Gluconobacter_oxydans,0.0
Salinispora_pacifica,0.0
Nitratireductor_indicus,0.0
Citrobacter_rodentium,0.0
Treponema_socranskii,0.0
Gammabaculovirus_unclassified,0.0
Candidatus_Nitrososphaera_gargensis,0.0
Brevibacterium_casei,0.0
Rhodococcus_opacus,0.0
Petunia_vein_clearing_virus,0.0
Anaeromusa_acidaminophila,0.0
Desulfovibrio_alaskensis,0.0
Paracoccus_denitrificans,0.0
Methylotenera_versatilis,0.0
Brachybacterium_muris,0.0
Methylocella_silvestris,0.0
Solenopsis_invicta_virus_3,0.0
Paenibacillus_mucilaginosus,0.0
Acetobacterium_woodii,0.0
Microbacterium_maritypicum,0.0
Burkholderia_kururiensis,0.0
Thiothrix_nivea,0.0
Sodalis_glossinidius,0.0
Octadecabacter_antarcticus,0.0
Sorangium_cellulosum,0.0
Coprinopsis_cinerea,0.0
Nitrospina_gracilis,0.0
Waddlia_chondrophila,0.0
Acidithiobacillus_ferrivorans,0.0
Edwardsiella_tarda,0.0
Leptospirillum_ferriphilum,0.0
Nitrosospira_multiformis,0.0
Desulfotalea_psychrophila,0.0
Marinobacter_santoriniensis,0.0
Actinobaculum_massiliense,0.0
Sphingopyxis_alaskensis,0.0
Coriobacterium_glomerans,0.0
Novosphingobium_tardaugens,0.0
Cellvibrio_gilvus,0.0
Desulfurococcus_mucosus,0.0
Natrialba_hulunbeirensis,0.0
Asticcacaulis_biprosthecium,0.0
Methylobacterium_extorquens,0.0
Dehalogenimonas_lykanthroporepellens,0.0
Metascardovia_criceti,0.0
Verminephrobacter_eiseniae,0.0
gamma_proteobacterium_HIMB55,0.0
Albidiferax_ferrireducens,0.0
Verrucomicrobia_bacterium_SCGC_AB_629_E09,0.0
zeta_proteobacterium_SCGC_AB_137_I08,0.0
Aureimonas_ureilytica,0.0
Thiomicrospira_halophila,0.0
Schlesneria_paludicola,0.0
Burkholderia_pseudomallei,0.0
Jonesia_denitrificans,0.0
Belliella_baltica,0.0
Chroococcidiopsis_thermalis,0.0
Streptococcus_ratti,0.0
Staphylococcus_massiliensis,0.0
Halococcus_hamelinensis,0.0
Mycoplasma_bovis,0.0
Pseudomonas_alcaligenes,0.0
Wolbachia_endosymbiont_of_Culex_quinquefasciatus,0.0
Burkholderia_phytofirmans,0.0
Halorubrum_arcis,0.0
Candidatus_Hodgkinia_cicadicola,0.0
Pseudomonas_entomophila,0.0
Arthrobacter_gangotriensis,0.0
Streptomyces_clavuligerus,0.0
Capnocytophaga_ochracea,0.0
Gordonia_amarae,0.0
Pseudomonas_psychrotolerans,0.0
Staphylococcus_warneri,0.0
Dialister_micraerophilus,0.0
Fusobacterium_sp_oral_taxon_370,0.0
Dolosigranulum_pigrum,0.0
Enterococcus_mundtii,0.0
Streptococcus_phage_Sfi19,0.0
Chlamydophila_unclassified,0.0
Oxalobacteraceae_bacterium_IMCC9480,0.0
Klebsiella_variicola,0.0
Acinetobacter_nectaris,0.0
Actinopolymorpha_alba,0.0
Methanosarcina_barkeri,0.0
Chryseobacterium_taeanense,0.0
Streptococcus_thoraltensis,0.0
Shewanella_loihica,0.0
Cryptosporidium_hominis,0.0
Francisella_novicida,0.0
Rubritalea_marina,0.0
Candidatus_Saccharimonas_aalborgensis,0.0
Thermobispora_bispora,0.0
Saccharomonospora_halophila,0.0
Methanococcoides_burtonii,0.0
Pseudoalteromonas_atlantica,0.0
Desulfotomaculum_acetoxidans,0.0
Lactobacillus_suebicus,0.0
Aerococcus_urinae,0.0
Amphibacillus_jilinensis,0.0
Acinetobacter_schindleri,0.0
Listeria_seeligeri,0.0
Wohlfahrtiimonas_chitiniclastica,0.0
Rhodobacteraceae_bacterium_HTCC2083,0.0
Leadbetterella_byssophila,0.0
Nosema_ceranae,0.0
Joostella_marina,0.0
Methanothermococcus_thermolithotrophicus,0.0
Coccidioides_immitis,0.0
Cylindrospermopsis_raciborskii,0.0
actinobacterium_SCGC_AAA024_D14,0.0
Bacteroides_sp_1_1_6,0.0
Prevotella_histicola,0.0
Saccharomonospora_saliphila,0.0
Nostoc_punctiforme,0.0
Ureaplasma_urealyticum,0.0
Mycobacterium_intracellulare,0.0
Neisseria_wadsworthii,0.0
Bacillus_sonorensis,0.0
Candidatus_Blochmannia_unclassified,0.0
Lactobacillus_malefermentans,0.0
Peptoniphilus_indolicus,0.0
Sulfobacillus_thermosulfidooxidans,0.0
Candidatus_Hamiltonella_defensa,0.0
Candida_tropicalis,0.0
Chlorobaculum_unclassified,0.0
Nitrococcus_mobilis,0.0
Methanobacterium_formicicum,0.0
Vibrio_sinaloensis,0.0
Shewanella_pealeana,0.0
Candidatus_Sulcia_muelleri,0.0
Elusimicrobium_minutum,0.0
Pseudoalteromonas_marina,0.0
Cetobacterium_somerae,0.0
Rhizobium_grahamii,0.0
Leptospira_biflexa,0.0
Candidatus_Arthromitus_unclassified,0.0
Erysipelothrix_tonsillarum,0.0
Elizabethkingia_meningoseptica,0.0
Yersinia_kristensenii,0.0
Chlorogloeopsis_unclassified,0.0
actinobacterium_SCGC_AAA278_O22,0.0
Leucothrix_mucor,0.0
Aerococcus_viridans,0.0
Vulcanisaeta_distributa,0.0
marine_gamma_proteobacterium_HTCC2143,0.0
Pyrobaculum_islandicum,0.0
Candidatus_Protochlamydia_amoebophila,0.0
Vibrio_shilonii,0.0
Pseudomonas_nitroreducens,0.0
Mesorhizobium_amorphae,0.0
Marinimicrobia_bacterium_JGI_0000059_L03,0.0
Enterobacteria_phage_HK97,0.0
Xanthomonas_fragariae,0.0
Acholeplasma_laidlawii,0.0
Theileria_annulata,0.0
Bdellovibrio_exovorus,0.0
Zunongwangia_profunda,0.0
Methanolobus_psychrophilus,0.0
Brevundimonas_diminuta,0.0
Caldicellulosiruptor_obsidiansis,0.0
Ignisphaera_aggregans,0.0
Gluconacetobacter_oboediens,0.0
Nocardiopsis_baichengensis,0.0
Xanthomonas_vesicatoria,0.0
Streptococcus_uberis,0.0
Arcticibacter_svalbardensis,0.0
Pseudomonas_viridiflava,0.0
Thermofilum_pendens,0.0
Halococcus_morrhuae,0.0
Celeribacter_baekdonensis,0.0
Legionella_pneumophila,0.0
Verrucosispora_maris,0.0
Rubidibacter_lacunae,0.0
Paenibacillus_peoriae,0.0
Thermoanaerobacter_wiegelii,0.0
Grimontia_hollisae,0.0
Streptomyces_mobaraensis,0.0
Leptospira_borgpetersenii,0.0
Methanosalsum_zhilinae,0.0
Streptococcus_merionis,0.0
Clostridium_papyrosolvens,0.0
Thermoanaerobacter_italicus,0.0
Methanotorris_igneus,0.0
Bacteroides_propionicifaciens,0.0
Taylorella_asinigenitalis,0.0
Haemophilus_paraphrohaemolyticus,0.0
Hoeflea_phototrophica,0.0
Mycobacterium_hassiacum,0.0
Helicobacter_fennelliae,0.0
Marinomonas_unclassified,0.0
Tetrahymena_thermophila,0.0
Xanthomonas_translucens,0.0
alpha_proteobacterium_SCGC_AAA280_B11,0.0
Capnocytophaga_cynodegmi,0.0
Alishewanella_jeotgali,0.0
Corynebacterium_ammoniagenes,0.0
Bartonella_elizabethae,0.0
Ahrensia_kielensis,0.0
Bizionia_argentinensis,0.0
Ruegeria_pomeroyi,0.0
Listeria_monocytogenes,0.0
Agrococcus_pavilionensis,0.0
Mycoplasma_haemofelis,0.0
Leptospira_fainei,0.0
Saccharophagus_degradans,0.0
Xanthomonas_oryzae,0.0
Psychromonas_ossibalaenae,0.0
Leptolyngbya_boryana,0.0
Oceanimonas_smirnovii,0.0
Leptospira_noguchii,0.0
Candidatus_Amoebophilus_asiaticus,0.0
Clostridium_sp_HGF2,0.0
Gemella_bergeri,0.0
Selenomonas_bovis,0.0
Desulfovibrio_vulgaris,0.0
Enterococcus_raffinosus,0.0
Eggerthia_catenaformis,0.0
Selenomonas_noxia,0.0
Sida_yellow_vein_virus_satellite_DNA_beta,0.0
Dichelobacter_nodosus,0.0
Halothermothrix_orenii,0.0
Sulfurimonas_gotlandica,0.0
Hyperthermus_butylicus,0.0
Prevotella_saccharolytica,0.0
Methanocaldococcus_vulcanius,0.0
Vibrio_azureus,0.0
Pseudanabaena_biceps,0.0
Dickeya_solani,0.0
gamma_proteobacterium_HTCC5015,0.0
Enterococcus_sulfureus,0.0
Oligella_urethralis,0.0
Ureibacillus_thermosphaericus,0.0
Alteromonadales_bacterium_TW_7,0.0
Paenibacillus_sanguinis,0.0
Maritimibacter_alkaliphilus,0.0
Pelosinus_fermentans,0.0
Hippea_alviniae,0.0
Mycoplasma_fermentans,0.0
Glaciecola_chathamensis,0.0
Photobacterium_profundum,0.0
Chlorobaculum_tepidum,0.0
Caldivirga_maquilingensis,0.0
Paenibacillus_vortex,0.0
Hymenobacter_unclassified,0.0
actinobacterium_SCGC_AAA023_J06,0.0
Nocardiopsis_lucentensis,0.0
Modestobacter_multiseptatus,0.0
Bartonella_tamiae,0.0
Sulfolobus_acidocaldarius,0.0
Streptomyces_ipomoeae,0.0
Thermotoga_thermarum,0.0
Streptococcus_equi,0.0
Tepidanaerobacter_acetatoxydans,0.0
Aeromonas_aquariorum,0.0
Thiobacillus_thioparus,0.0
Pseudoalteromonas_ruthenica,0.0
planctomycete_KSU_1,0.0
Bacillus_endophyticus,0.0
Thermococcus_zilligii,0.0
Metallosphaera_sedula,0.0
Bartonella_grahamii,0.0
Caldicellulosiruptor_kronotskyensis,0.0
Salinivibrio_costicola,0.0
Clostridium_cellulovorans,0.0
Pseudoalteromonas_haloplanktis,0.0
Martelella_mediterranea,0.0
Psychrobacter_lutiphocae,0.0
Mycoplasma_gallisepticum,0.0
Spodoptera_exigua_iflavirus_1,0.0
Parabacteroides_sp_D13,0.0
Phlebiopsis_gigantea_mycovirus_dsRNA_1,0.0
Brevibacterium_linens,0.0
Clostridium_sp_SS2_1,0.0
Lactococcus_phage_bIL67,0.0
Staphylococcus_haemolyticus,0.0
Klebsiella_sp_MS_92_3,0.0
alpha_proteobacterium_SCGC_AAA027_L15,0.0
Clostridium_cellulolyticum,0.0
Chlamydia_trachomatis,0.0
Carboxydothermus_hydrogenoformans,0.0
Youngiibacter_fragilis,0.0
Vibrio_anguillarum,0.0
gamma_proteobacterium_HIMB30,0.0
Yersinia_enterocolitica,0.0
Methylovorus_glucosotrophus,0.0
Kazachstania_africana,0.0
Desulfotomaculum_gibsoniae,0.0
Colwellia_psychrerythraea,0.0
Planococcus_donghaensis,0.0
Pyrococcus_horikoshii,0.0
Pyrobaculum_aerophilum,0.0
Photorhabdus_unclassified,0.0
Lactobacillus_mali,0.0
Dictyostelium_purpureum,0.0
Methylacidiphilum_infernorum,0.0
Shewanella_putrefaciens,0.0
Listeria_fleischmannii,0.0
Vibrio_campbellii,0.0
Nitritalea_halalkaliphila,0.0
Candidatus_Photodesmus_katoptron,0.0
Methylotenera_mobilis,0.0
Shewanella_piezotolerans,0.0
Chlamydia_pneumoniae,0.0
Streptococcus_criceti,0.0
Bacillus_siamensis,0.0
Histophilus_somni,0.0
Mycoplasma_arthritidis,0.0
Kocuria_atrinae,0.0
Methanococcus_maripaludis,0.0
Psychromonas_hadalis,0.0
Helicobacter_cinaedi,0.0
Gluconacetobacter_xylinus,0.0
Myroides_odoratus,0.0
Spiroplasma_syrphidicola,0.0
Pseudomonas_caeni,0.0
Mycoplasma_arginini,0.0
Natrinema_versiforme,0.0
Bacillus_nealsonii,0.0
Serratia_odorifera,0.0
Citrobacter_koseri,0.0
Atopobium_sp_ICM58,0.0
Corynebacterium_kroppenstedtii,0.0
Mycoplasma_pulmonis,0.0
Clostridium_sp_D5,0.0
Lactococcus_phage_P335_sensu_lato,0.0
Human_adenovirus_B,0.0
Honeysuckle_yellow_vein_betasatellite,0.0
Malvastrum_yellow_vein_Yunnan_virus_satellite_DNA_beta,0.0
Lactobacillus_phage_PL_1,0.0
Bacteroides_sp_2_1_16,0.0
Halomicrobium_katesii,0.0
Mycoplasma_mobile,0.0
Staphylothermus_marinus,0.0
Nitrosococcus_oceani,0.0
Paenibacillus_terrigena,0.0
alpha_proteobacterium_HIMB59,0.0
Polaribacter_unclassified,0.0
Enterococcus_gallinarum,0.0
Rickettsia_endosymbiont_of_Ixodes_scapularis,0.0
Sporolactobacillus_laevolacticus,0.0
Capnocytophaga_canimorsus,0.0
Thiomicrospira_crunogena,0.0
Flavobacterium_branchiophilum,0.0
Microbulbifer_variabilis,0.0
Legionella_longbeachae,0.0
Gordonia_effusa,0.0
Caloramator_australicus,0.0
Acaryochloris_unclassified,0.0
Pantoea_vagans,0.0
Acinetobacter_parvus,0.0
Providencia_stuartii,0.0
Shewanella_oneidensis,0.0
Neorickettsia_risticii,0.0
Acetohalobium_arabaticum,0.0
Moritella_marina,0.0
Vibrio_ichthyoenteri,0.0
alpha_proteobacterium_SCGC_AAA300_J04,0.0
Campylobacter_lari,0.0
Clostridium_arbusti,0.0
Burkholderia_mallei,0.0
Allobaculum_stercoricanis,0.0
Lachnobacterium_bovis,0.0
Wolbachia_endosymbiont_of_Onchocerca_ochengi,0.0
Flavobacteriaceae_bacterium_HQM9,0.0
Leptospira_inadai,0.0
Vibrio_mimicus,0.0
Glaciecola_nitratireducens,0.0
Psychroflexus_gondwanensis,0.0
Methanothermus_fervidus,0.0
Thermococcus_sibiricus,0.0
Flavobacterium_psychrophilum,0.0
Ilyobacter_polytropus,0.0
Mycoplasma_flocculare,0.0
Thermoanaerobacter_siderophilus,0.0
Listeria_ivanovii,0.0
Streptococcus_caballi,0.0
Eubacteriaceae_bacterium_CM5,0.0
Pediococcus_unclassified,0.0
Tetragenococcus_halophilus,0.0
Moniliophthora_perniciosa,0.0
Prevotella_pleuritidis,0.0
Bacteroidetes_oral_taxon_274,0.0
Acinetobacter_johnsonii,0.0
Acinetobacter_unclassified,0.0
Sauropus_leaf_curl_disease_associated_DNA_beta,0.0
Brachyspira_hyodysenteriae,0.0
Actinobacillus_ureae,0.0
Acinetobacter_lwoffii,0.0
Vibrio_rotiferianus,0.0
Vibrio_metschnikovii,0.0
Natranaerobius_thermophilus,0.0
Nodosilinea_nodulosa,0.0
Caldicellulosiruptor_bescii,0.0
alpha_proteobacterium_SCGC_AAA027_J10,0.0
Sclerotinia_sclerotiorum_endornavirus_1,0.0
Paenibacillus_polymyxa,0.0
Bacillus_subtilis,0.0
Verrucomicrobia_bacterium_SCGC_AAA164_L15,0.0
Helicobacter_canis,0.0
Leishmania_braziliensis,0.0
Clostridium_acetobutylicum,0.0
Halorubrum_tebenquichense,0.0
Providencia_unclassified,0.0
Enhydrobacter_aerosaccus,0.0
Oryza_rufipogon_endornavirus,0.0
Persephonella_marina,0.0
Janthinobacterium_unclassified,0.0
Methanosarcina_acetivorans,0.0
Lactobacillus_pobuzihii,0.0
Taylorella_equigenitalis,0.0
Mesorhizobium_australicum,0.0
Rhodobacterales_bacterium_HTCC2255,0.0
Cyanobacterium_stanieri,0.0
Bermanella_marisrubri,0.0
Agromyces_subbeticus,0.0
Mycoplasma_genitalium,0.0
Mucispirillum_schaedleri,0.0
Myxococcus_xanthus,0.0
Yersinia_mollaretii,0.0
Halorubrum_terrestre,0.0
Pediococcus_claussenii,0.0
Hippea_unclassified,0.0
Vibrio_kanaloae,0.0
Xenorhabdus_nematophila,0.0
Sulfurihydrogenibium_azorense,0.0
Desulfosporosinus_meridiei,0.0
Salinispora_tropica,0.0
Pasteurella_pneumotropica,0.0
Ehrlichia_chaffeensis,0.0
Enterococcus_caccae,0.0
Kangiella_koreensis,0.0
Microscilla_marina,0.0
Idiomarina_xiamenensis,0.0
Verrucomicrobia_bacterium_SCGC_AAA164_A21,0.0
Enterococcus_moraviensis,0.0
Glaciecola_lipolytica,0.0
Riemerella_anatipestifer,0.0
Mycoplasma_columbinum,0.0
Thermoanaerobacterium_xylanolyticum,0.0
Catenovulum_agarivorans,0.0
Clostridium_pasteurianum,0.0
Conexibacter_woesei,0.0
Nocardiopsis_alkaliphila,0.0
Azotobacter_vinelandii,0.0
Parachlamydia_acanthamoebae,0.0
Flavobacterium_johnsoniae,0.0
Pseudoalteromonas_piscicida,0.0
Sulfurimonas_denitrificans,0.0
Idiomarina_loihiensis,0.0
Pseudoxanthomonas_unclassified,0.0
Aromatoleum_aromaticum,0.0
Nocardiopsis_gilva,0.0
Chamaesiphon_minutus,0.0
Spirulina_subsalsa,0.0
Thermosipho_melanesiensis,0.0
Haloarcula_amylolytica,0.0
Thermococcus_barophilus,0.0
Anaerococcus_tetradius,0.0
Legionella_shakespearei,0.0
Mycoplasma_yeatsii,0.0
Helicobacter_winghamensis,0.0
Thiothrix_disciformis,0.0
Pedobacter_agri,0.0
Providencia_rustigianii,0.0
Galbibacter_marinus,0.0
Amycolatopsis_benzoatilytica,0.0
Labrenzia_alexandrii,0.0
Anaerococcus_lactolyticus,0.0
Vibrio_harveyi,0.0
Agarivorans_albus,0.0
Clostridium_sp_7_2_43FAA,0.0
Caldisphaera_lagunensis,0.0
Leptotrichia_goodfellowii,0.0
Pantoea_dispersa,0.0
Algicola_sagamiensis,0.0
Leptotrichia_wadei,0.0
Acaryochloris_marina,0.0
Enterococcus_pallens,0.0
Serratia_liquefaciens,0.0
Psychroflexus_torquis,0.0
Nitrolancetus_hollandicus,0.0
Microcoleus_vaginatus,0.0
Thermococcus_onnurineus,0.0
Lactobacillus_pentosus,0.0
Candidatus_Portiera_aleyrodidarum,0.0
Shewanella_sediminis,0.0
Mariprofundus_ferrooxydans,0.0
Mycobacterium_leprae,0.0
Kangiella_aquimarina,0.0
Salinimonas_chungwhensis,0.0
Photobacterium_angustum,0.0
Actinobacillus_succinogenes,0.0
Natronorubrum_bangense,0.0
Oceanobacillus_iheyensis,0.0
Polaribacter_franzmannii,0.0
Arthrospira_maxima,0.0
Facklamia_hominis,0.0
Yersinia_pseudotuberculosis,0.0
Mycoplasma_wenyonii,0.0
Enterococcus_columbae,0.0
Glaciecola_punicea,0.0
Rickettsia_felis,0.0
Prevotella_pallens,0.0
Vibrio_brasiliensis,0.0
Dactylococcopsis_salina,0.0
Vibrio_caribbenthicus,0.0
Caldicellulosiruptor_saccharolyticus,0.0
Bacillus_oceanisediminis,0.0
Weissella_ceti,0.0
Rhodopirellula_maiorica,0.0
Vibrionales_bacterium_SWAT_3,0.0
Lymphocryptovirus_unclassified,0.0
Enterobacter_mori,0.0
Gordonia_neofelifaecis,0.0
Mycobacterium_smegmatis,0.0
Leptothrix_cholodnii,0.0
Porphyromonas_macacae,0.0
Desulfotomaculum_hydrothermale,0.0
Vibrio_nigripulchritudo,0.0
Halomonas_smyrnensis,0.0
Gillisia_unclassified,0.0
Geodermatophilus_obscurus,0.0
Streptococcus_entericus,0.0
Methylobacillus_flagellatus,0.0
Cedecea_davisae,0.0
Providencia_alcalifaciens,0.0
Streptococcus_pyogenes,0.0
Zygosaccharomyces_rouxii,0.0
Syntrophobotulus_glycolicus,0.0
Enterobacter_lignolyticus,0.0
Mycoplasma_penetrans,0.0
Thermosynechococcus_elongatus,0.0
Deinococcus_wulumuqiensis,0.0
Burkholderia_terrae,0.0
Segetibacter_koreensis,0.0
Shinella_zoogloeoides,0.0
Shewanella_violacea,0.0
Iotapapillomavirus_1,0.0
Enterobacteria_phage_phiP27,0.0
Oat_mosaic_virus,0.0
Porcine_parvovirus,0.0
Porcine_associated_stool_circular_virus,0.0
Tomato_bushy_stunt_virus_satellite_RNA,0.0
Olive_mild_mosaic_virus,0.0
Rehmannia_mosaic_virus,0.0
Torque_teno_felis_virus,0.0
Tobacco_bushy_top_virus_satellite_like_RNA,0.0
Chino_del_tomate_virus,0.0
Thiocapsa_marina,0.0
Salmonella_enterica,0.0
Chloroherpeton_thalassium,0.0
Flavobacterium_antarcticum,0.0
Desulfosporosinus_youngiae,0.0
Sinorhizobium_fredii,0.0
Streptomyces_bottropensis,0.0
Prevotella_ruminicola,0.0
Thermoplasma_acidophilum,0.0
Geobacter_daltonii,0.0
Acinetobacter_bouvetii,0.0
Sphingobacterium_paucimobilis,0.0
Ignavibacterium_album,0.0
Coraliomargarita_akajimensis,0.0
WU_Polyomavirus,0.0
Rubellimicrobium_thermophilum,0.0
Brachymonas_chironomi,0.0
Pedobacter_heparinus,0.0
Haloquadratum_walsbyi,0.0
Parapoxvirus_unclassified,0.0
Methylomicrobium_buryatense,0.0
Nevskia_ramosa,0.0
Gordonia_kroppenstedtii,0.0
Ajellomyces_dermatitidis,0.0
Halovivax_ruber,0.0
Staphylococcus_phage_phiETA,0.0
Culex_originated_Tymoviridae_like_virus,0.0
White_clover_cryptic_virus_1,0.0
New_World_begomovirus_associated_satellite_DNA,0.0
Freesia_sneak_virus,0.0
Bombyx_mori_cypovirus_1_satellite_RNA,0.0
Pseudomonas_brassicacearum,0.0
Strawberry_necrotic_shock_virus,0.0
Torque_teno_zalophus_virus_1,0.0
Erysimum_latent_virus,0.0
Sweet_potato_leaf_curl_Uganda_virus_Uganda_Kampala_2008,0.0
Eggplant_mosaic_virus,0.0
Andean_potato_mild_mosaic_virus,0.0
Tomato_golden_mosaic_virus,0.0
Thiomicrospira_arctica,0.0
Gracilibacillus_halophilus,0.0
Caldalkalibacillus_thermarum,0.0
Methylobacter_marinus,0.0
Candidatus_Puniceispirillum_marinum,0.0
Desulfurococcus_fermentans,0.0
Human_bocavirus_2,0.0
Kordiimonas_gwangyangensis,0.0
Thiomonas_intermedia,0.0
Halobacillus_halophilus,0.0
Sciscionella_marina,0.0
Citromicrobium_unclassified,0.0
Vibrio_natriegens,0.0
Vibrio_genomosp_F10,0.0
Leptospira_yanagawae,0.0
Methylosarcina_fibrata,0.0
Burkholderiales_bacterium_JOSHI_001,0.0
Penicillium_chrysogenum,0.0
Sulfurimonas_autotrophica,0.0
Selenomonas_flueggei,0.0
Natrialba_taiwanensis,0.0
Prevotella_oulorum,0.0
Halogranum_salarium,0.0
Halobacterium_salinarum,0.0
Thermotoga_lettingae,0.0
Haloarcula_vallismortis,0.0
Picrophilus_torridus,0.0
Streptomyces_canus,0.0
Enterococcus_phoeniculicola,0.0
Opuntia_virus_X,0.0
Anoxybacillus_flavithermus,0.0
Endozoicomonas_elysicola,0.0
Melioribacter_roseus,0.0
Candidatus_Odyssella_thessalonicensis,0.0
Escherichia_albertii,0.0
Clavibacter_michiganensis,0.0
Chlamydiamicrovirus_unclassified,0.0
Japanese_iris_necrotic_ring_virus,0.0
Eilat_virus,0.0
Tobacco_vein_clearing_virus,0.0
Magnaporthe_oryzae_virus_2,0.0
Bovine_herpesvirus_1,0.0
Saccharum_streak_virus,0.0
Carrot_mottle_virus,0.0
Pelargonium_necrotic_spot_virus,0.0
Sclerotinia_sclerotiorum_dsRNA_mycovirus_L,0.0
Grapevine_Algerian_latent_virus,0.0
Clostridium_thermocellum,0.0
Saprospira_grandis,0.0
Rattail_cactus_necrosis_associated_virus,0.0
Psychrobacter_cryohalolentis,0.0
Lactobacillus_shenzhenensis,0.0
Afipia_clevelandensis,0.0
Methylomonas_methanica,0.0
Congregibacter_litoralis,0.0
Pseudomonas_taiwanensis,0.0
Yatapoxvirus_unclassified,0.0
Enterococcus_gilvus,0.0
Mycobacterium_thermoresistibile,0.0
Bradyrhizobiaceae_bacterium_SG_6C,0.0
Bartonella_schoenbuchensis,0.0
Simian_sapelovirus,0.0
Corynebacterium_capitovis,0.0
Vibrio_coralliilyticus,0.0
Thermosphaera_aggregans,0.0
Methylovorus_unclassified,0.0
Amycolatopsis_decaplanina,0.0
Burkholderia_bryophila,0.0
Marine_group_II_euryarchaeote_SCGC_AAA288_C18,0.0
SAR324_cluster_bacterium_SCGC_AAA240_J09,0.0
Methylophaga_aminisulfidivorans,0.0
Kingella_kingae,0.0
Rhodococcus_rhodochrous,0.0
Paracoccus_zeaxanthinifaciens,0.0
Balneola_vulgaris,0.0
Aspergillus_oryzae,0.0
Leeuwenhoekiella_blandensis,0.0
Brucella_phage_Tb,0.0
Orthopoxvirus_unclassified,0.0
Thiobacillus_denitrificans,0.0
Proteus_mirabilis,0.0
Deinococcus_maricopensis,0.0
Methanosphaerula_palustris,0.0
Millerozyma_farinosa,0.0
Advenella_kashmirensis,0.0
Segniliparus_rotundus,0.0
Haloarcula_argentinensis,0.0
gamma_proteobacterium_NOR5_3,0.0
Bat_picornavirus_3,0.0
Fervidobacterium_pennivorans,0.0
Torque_teno_douroucouli_virus,0.0
Southern_elephant_seal_virus,0.0
Cellvibrio_japonicus,0.0
Mycobacterium_liflandii,0.0
Staphylothermus_hellenicus,0.0
Roseobacter_denitrificans,0.0
Verrucomicrobia_bacterium_SCGC_AAA300_O17,0.0
Verrucomicrobia_bacterium_SCGC_AAA164_O14,0.0
Oligotropha_carboxidovorans,0.0
Aeromonas_diversa,0.0
Halorubrum_distributum,0.0
Exiguobacterium_pavilionensis,0.0
Psychrobacter_aquaticus,0.0
Avibacterium_paragallinarum,0.0
Rhodococcus_jostii,0.0
Bacillus_bataviensis,0.0
Shewanella_amazonensis,0.0
Rhodococcus_wratislaviensis,0.0
Fervidobacterium_nodosum,0.0
Verrucomicrobia_bacterium_SCGC_AAA168_E21,0.0
Corynebacterium_ulcerans,0.0
Desulfotomaculum_nigrificans,0.0
Pantoea_agglomerans,0.0
Nitrosomonas_eutropha,0.0
Herbaspirillum_lusitanum,0.0
Renibacterium_salmoninarum,0.0
Catelliglobosispora_koreensis,0.0
Snake_parvovirus_1,0.0
Grapevine_satellite_virus,0.0
Sweet_clover_necrotic_mosaic_virus,0.0
Neorickettsia_unclassified,0.0
Thermodesulfatator_indicus,0.0
Ferroglobus_placidus,0.0
Mycobacterium_xenopi,0.0
Rhizobium_mongolense,0.0
Erwinia_toletana,0.0
Candidatus_Symbiobacter_mobilis,0.0
Meiothermus_ruber,0.0
Pseudomonas_alcaliphila,0.0
Bacillus_methanolicus,0.0
Methylobacter_tundripaludum,0.0
Torulaspora_delbrueckii,0.0
Thalassospira_lucentensis,0.0
Leptospira_wolbachii,0.0
Flavobacterium_enshiense,0.0
Beggiatoa_alba,0.0
Sphingomonas_melonis,0.0
Kordia_algicida,0.0
Hippea_maritima,0.0
Burkholderia_vietnamiensis,0.0
Agrobacterium_albertimagni,0.0
Actinomyces_timonensis,0.0
Pyrococcus_furiosus,0.0
Haloplasma_contractile,0.0
Clostridium_clariflavum,0.0
Mahella_australiensis,0.0
Herpetosiphon_aurantiacus,0.0
Aequorivita_sublithincola,0.0
Nitrosococcus_halophilus,0.0
Halogeometricum_borinquense,0.0
Caldisericum_exile,0.0
Leeia_oryzae,0.0
Natrialba_chahannaoensis,0.0
Fluoribacter_dumoffii,0.0
Ktedonobacter_racemifer,0.0
Lyngbya_unclassified,0.0
Streptomyces_cattleya,0.0
Calothrix_parietina,0.0
Empedobacter_brevis,0.0
Chlorobium_chlorochromatii,0.0
Novosphingobium_pentaromativorans,0.0
Pyrobaculum_calidifontis,0.0
Streptomyces_griseoaurantiacus,0.0
Natronobacterium_gregoryi,0.0
Pedobacter_arcticus,0.0
Croceibacter_atlanticus,0.0
Pyrococcus_yayanosii,0.0
Fulvimarina_pelagi,0.0
Bartonella_alsatica,0.0
Nilaparvata_lugens_honeydew_virus_3,0.0
Desulfosporosinus_orientis,0.0
Aciduliprofundum_boonei,0.0
Synechococcus_elongatus,0.0
Mycoplasma_pneumoniae,0.0
Vibrio_owensii,0.0
Thioalkalimicrobium_aerophilum,0.0
Pseudomonas_chlororaphis,0.0
Pyrobaculum_oguniense,0.0
Rhodobacteraceae_bacterium_KLH11,0.0
Coxiella_burnetii,0.0
Streptomyces_prunicolor,0.0
Mycobacterium_tuberculosis_bovis_africanum_canetti,0.0
Ehrlichia_ruminantium,0.0
Eubacteriaceae_bacterium_OBRC8,0.0
Flavobacterium_saliperosum,0.0
Methanothermobacter_thermautotrophicus,0.0
Richelia_intracellularis,0.0
Ketogulonicigenium_vulgare,0.0
Bacillus_acidiproducens,0.0
Naumovozyma_dairenensis,0.0
Coriobacteriaceae_bacterium_BV3Ac1,0.0
Gallionella_capsiferriformans,0.0
Pseudoalteromonas_agarivorans,0.0
Agrobacterium_fabrum,0.0
Pedobacter_saltans,0.0
Ajellomyces_capsulatus,0.0
Ornithobacterium_rhinotracheale,0.0
Pseudomonas_chloritidismutans,0.0
Cronobacter_dublinensis,0.0
Lactobacillus_acidipiscis,0.0
Candidatus_Liberibacter_asiaticus,0.0
Yokenella_regensburgei,0.0
Methylophaga_thiooxydans,0.0
Rhizobium_giardinii,0.0
Singularimonas_variicoloris,0.0
Candidatus_Regiella_insecticola,0.0
Bartonella_rattimassiliensis,0.0
Campylobacter_curvus,0.0
marine_gamma_proteobacterium_HTCC2148,0.0
Sinorhizobium_medicae,0.0
Bacteroides_coprosuis,0.0
Vibrio_scophthalmi,0.0
Sclerotinia_sclerotiorum,0.0
halophilic_archaeon_DL31,0.0
Neisseria_subflava,0.0
Alkalibacillus_haloalkaliphilus,0.0
Francisella_philomiragia,0.0
Duganella_zoogloeoides,0.0
Sulfolobus_solfataricus,0.0
Facklamia_ignava,0.0
Leptothrix_ochracea,0.0
Kamiti_River_virus,0.0
Mycoplasma_bovigenitalium,0.0
Halomonas_stevensii,0.0
Sporolactobacillus_inulinus,0.0
Pseudomonas_luteola,0.0
Natronorubrum_sulfidifaciens,0.0
Halonotius_unclassified,0.0
Dietzia_cinnamea,0.0
Thioflavicoccus_mobilis,0.0
Pseudomonas_avellanae,0.0
Chromobacterium_violaceum,0.0
Ruegeria_lacuscaerulensis,0.0
Haloferax_denitrificans,0.0
Macrococcus_caseolyticus,0.0
Burkholderia_pyrrocinia,0.0
Herbaspirillum_seropedicae,0.0
Botryotinia_fuckeliana,0.0
Acidovorax_radicis,0.0
Hepatitis_A_virus,0.0
Propionibacterium_phage_P104A,0.0
Enterobacteria_phage_If1,0.0
Clostridium_sp_ATCC_29733,0.0
Veillonella_sp_6_1_27,0.0
Neisseria_flavescens,0.0
Kingella_oralis,0.0
Enterobacteria_phage_mEp237,0.0
Lindernia_anagallis_yellow_vein_virus_satellite_DNA_beta,0.0
Bartonella_australis,0.0
Astrovirus_MLB1,0.0
Streptococcus_massiliensis,0.0
Bacteriovorax_unclassified,0.0
Treponema_phagedenis,0.0
Helicobacter_hepaticus,0.0
Methylobacterium_nodulans,0.0
Mycobacterium_phlei,0.0
Rubrivivax_benzoatilyticus,0.0
Aeromonas_salmonicida,0.0
Halalkalicoccus_jeotgali,0.0
Vibrio_splendidus,0.0
Paramecium_tetraurelia,0.0
Brevibacillus_agri,0.0
Halanaerobium_hydrogeniformans,0.0
Cronobacter_unclassified,0.0
Naumovozyma_castellii,0.0
Shimwellia_blattae,0.0
Vagococcus_lutrae,0.0
Pseudoalteromonas_citrea,0.0
Halococcus_thailandensis,0.0
Bacillus_licheniformis,0.0
Bacillus_coagulans,0.0
Caldicellulosiruptor_lactoaceticus,0.0
Sacbrood_virus,0.0
Helicobacter_bilis,0.0
Acinetobacter_pittii_calcoaceticus_nosocomialis,0.0
Janibacter_hoylei,0.0
Leptospira_vanthielii,0.0
Prevotella_paludivivens,0.0
Butyrivibrio_proteoclasticus,0.0
Salinicoccus_albus,0.0
Prevotella_marshii,0.0
Mannheimia_haemolytica,0.0
Entamoeba_dispar,0.0
Amycolatopsis_nigrescens,0.0
Oenococcus_kitaharae,0.0
Cellulomonas_flavigena,0.0
Sulfurospirillum_deleyianum,0.0
Echinicola_vietnamensis,0.0
Desulfovibrio_hydrothermalis,0.0
Lentibacillus_jeotgali,0.0
Oceanimonas_unclassified,0.0
Caldicellulosiruptor_owensensis,0.0
Nesterenkonia_alba,0.0
Denitrovibrio_acetiphilus,0.0
Desulfosporosinus_acidiphilus,0.0
Sphingobium_ummariense,0.0
Nocardiopsis_halotolerans,0.0
Johnsonella_ignava,0.0
Streptococcus_suis,0.0
Thalassolituus_oleivorans,0.0
Loktanella_vestfoldensis,0.0
Vibrio_proteolyticus,0.0
Sporosarcina_newyorkensis,0.0
Helicobacter_felis,0.0
Nocardiopsis_potens,0.0
Archaeoglobus_fulgidus,0.0
Streptomyces_coelicoflavus,0.0
Bradyrhizobium_japonicum,0.0
Burkholderia_ambifaria,0.0
Methylophilales_bacterium_HTCC2181,0.0
Pseudomonas_monteilii,0.0
Burkholderia_cepacia,0.0
Gayadomonas_joobiniege,0.0
Treponema_succinifaciens,0.0
Methanohalobium_evestigatum,0.0
Desulfotomaculum_ruminis,0.0
Capnocytophaga_gingivalis,0.0
Helcococcus_kunzii,0.0
Treponema_bryantii,0.0
Paenibacillus_curdlanolyticus,0.0
Leptospira_wolffii,0.0
Methanothermobacter_marburgensis,0.0
Marinobacterium_stanieri,0.0
Gillisia_limnaea,0.0
Vibrio_crassostreae,0.0
Parastagonospora_nodorum,0.0
Sapporo_virus,0.0
Chicory_yellow_mottle_virus_satellite_RNA,0.0
Vibrio_phage_VSK,0.0
Persimmon_viroid,0.0
Grapevine_yellow_speckle_viroid_1,0.0
Hop_stunt_viroid,0.0
Enterobacteria_phage_ST104,0.0
Dolichos_yellow_mosaic_virus,0.0
Thioalkalivibrio_thiocyanodenitrificans,0.0
Brugmansia_suaveolens_mottle_virus,0.0
Peanut_mottle_virus,0.0
Potato_virus_Y,0.0
Clover_yellow_vein_virus,0.0
Vibrio_phage_kappa,0.0
Halococcus_salifodinae,0.0
Streptococcus_marimammalium,0.0
Haloarcula_marismortui,0.0
Candidatus_Tremblaya_princeps,0.0
Rahnella_aquatilis,0.0
Hepatitis_C_virus,0.0
Plesiomonas_shigelloides,0.0
Rickettsiella_grylli,0.0
Brugmansia_mosaic_virus,0.0
Hirschia_baltica,0.0
Pectobacterium_atrosepticum,0.0
Vibrio_cholerae,0.0
Nocardiopsis_chromatogenes,0.0
Pseudomonas_poae,0.0
Pseudomonas_stutzeri,0.0
Cryptosporidium_parvum,0.0
Psychromonas_ingrahamii,0.0
Xanthomonas_axonopodis,0.0
Listeria_innocua,0.0
Ruegeria_mobilis,0.0
Yersinia_massiliensis,0.0
Photorhabdus_asymbiotica,0.0
Sclerotinia_sclerotiorum_hypovirus_1,0.0
Aliivibrio_salmonicida,0.0
Komagataella_pastoris,0.0
Gordonia_rhizosphera,0.0
Vibrio_gazogenes,0.0
Sweet_potato_virus_C,0.0
Pedobacter_unclassified,0.0
Candidatus_Glomeribacter_gigasporarum,0.0
Octadecabacter_arcticus,0.0
Plasmodium_falciparum,0.0
Mycoplasma_auris,0.0
Holospora_undulata,0.0
Mycobacterium_colombiense,0.0
Gluconacetobacter_hansenii,0.0
Methyloversatilis_universalis,0.0
Pleurocapsa_minor,0.0
